dashboard_name,section_name,region_id,region_name,territory_id,territory_name,kpi_name,kpi_value,period_type
ACCOUNT_LEADS,OVERVIEW,201,East,2013,NY Metro,CRM_PATIENTS,0,LTD
ACCOUNT_LEADS,OVERVIEW,201,East,2003,MidAtlantic CTL,AVLAYAH_Medicaid_Patients,0,QTD
ACCOUNT_LEADS,OVERVIEW,201,East,2002,Northeast-PA,AVLAYAH_Unknown_Patients,0,YTD
ACCOUNT_LEADS,OVERVIEW,201,East,2005,Great Lakes-Detroit,AVLAYAH_PATIENTS_LT_5,0,MTD
ACCOUNT_LEADS,OVERVIEW,201,East,2001,New England,AVLAYAH_Medicare_Patients,0,LTD
ACCOUNT_LEADS,OVERVIEW,202,West,2010,Southern Cal,AVLAYAH_Commercial_Patients,0,QTD
ACCOUNT_LEADS,OVERVIEW,201,East,2004,Southeast-ATL,AVLAYAH_PATIENTS_5_10,0,YTD
ACCOUNT_LEADS,OVERVIEW,202,West,2009,Southwest,AVLAYAH_PATIENTS_17_PLUS,0,MTD
ACCOUNT_LEADS,OVERVIEW,202,West,2006,Midwest,ELAPRASE_LT_5,2,QTD
ACCOUNT_LEADS,OVERVIEW,202,West,2012,Pac Northwest,ELAPRASE_17_PLUS,6,YTD
ACCOUNT_LEADS,OVERVIEW,202,West,2011,Southcentral,HCO_ORDERED,0,MTD
ACCOUNT_LEADS,OVERVIEW,201,East,2013,NY Metro,SP_VIALS,0,LTD
ACCOUNT_LEADS,OVERVIEW,201,East,2003,MidAtlantic CTL,HCO_VIALS,1,QTD
ACCOUNT_LEADS,OVERVIEW,201,East,2002,Northeast-PA,Avlayah_SP,0,YTD
ACCOUNT_LEADS,OVERVIEW,201,East,2005,Great Lakes-Detroit,Avlayah_CRM,0,MTD
ACCOUNT_LEADS,OVERVIEW,201,East,2001,New England,AVLAYAH_PATIENTS_11_16,0,LTD
ACCOUNT_LEADS,OVERVIEW,202,West,2010,Southern Cal,Severe_Avlayah,0,QTD
ACCOUNT_LEADS,OVERVIEW,201,East,2004,Southeast-ATL,ELAPRASE_5_10,4,YTD
ACCOUNT_LEADS,OVERVIEW,202,West,2009,Southwest,ELAPRASE_11_16,3,MTD
ACCOUNT_LEADS,OVERVIEW,202,West,2006,Midwest,TOTAL_VIALS,26,QTD
ACCOUNT_LEADS,OVERVIEW,202,West,2012,Pac Northwest,Avlayah_Claims,0,YTD
ACCOUNT_LEADS,OVERVIEW,202,West,2011,Southcentral,Avlayah_HUB,0,MTD
ACCOUNT_LEADS,OVERVIEW,201,East,2013,NY Metro,CRM_PATIENTS,0,QTD
ACCOUNT_LEADS,OVERVIEW,201,East,2003,MidAtlantic CTL,AVLAYAH_Medicaid_Patients,0,YTD
ACCOUNT_LEADS,OVERVIEW,201,East,2002,Northeast-PA,AVLAYAH_Unknown_Patients,0,MTD
ACCOUNT_LEADS,OVERVIEW,201,East,2005,Great Lakes-Detroit,AVLAYAH_PATIENTS_LT_5,0,LTD
ACCOUNT_LEADS,OVERVIEW,201,East,2001,New England,AVLAYAH_Medicare_Patients,0,QTD
ACCOUNT_LEADS,OVERVIEW,202,West,2010,Southern Cal,AVLAYAH_Commercial_Patients,0,YTD
ACCOUNT_LEADS,OVERVIEW,201,East,2004,Southeast-ATL,AVLAYAH_PATIENTS_5_10,0,MTD
ACCOUNT_LEADS,OVERVIEW,202,West,2009,Southwest,AVLAYAH_PATIENTS_17_PLUS,0,LTD
ACCOUNT_LEADS,OVERVIEW,202,West,2006,Midwest,ELAPRASE_LT_5,2,YTD
ACCOUNT_LEADS,OVERVIEW,202,West,2012,Pac Northwest,ELAPRASE_17_PLUS,6,MTD
ACCOUNT_LEADS,OVERVIEW,202,West,2011,Southcentral,HCO_ORDERED,0,LTD
ACCOUNT_LEADS,OVERVIEW,201,East,2013,NY Metro,SP_VIALS,0,QTD
ACCOUNT_LEADS,OVERVIEW,201,East,2003,MidAtlantic CTL,HCO_VIALS,1,YTD
ACCOUNT_LEADS,OVERVIEW,201,East,2002,Northeast-PA,Avlayah_SP,0,MTD
ACCOUNT_LEADS,OVERVIEW,201,East,2005,Great Lakes-Detroit,Avlayah_CRM,0,LTD
ACCOUNT_LEADS,OVERVIEW,201,East,2001,New England,AVLAYAH_PATIENTS_11_16,0,QTD
ACCOUNT_LEADS,OVERVIEW,202,West,2010,Southern Cal,Severe_Avlayah,0,YTD
ACCOUNT_LEADS,OVERVIEW,201,East,2004,Southeast-ATL,ELAPRASE_5_10,4,MTD
ACCOUNT_LEADS,OVERVIEW,202,West,2009,Southwest,ELAPRASE_11_16,6,LTD
ACCOUNT_LEADS,OVERVIEW,202,West,2006,Midwest,TOTAL_VIALS,26,YTD
ACCOUNT_LEADS,OVERVIEW,202,West,2012,Pac Northwest,Avlayah_Claims,0,MTD
ACCOUNT_LEADS,OVERVIEW,202,West,2011,Southcentral,Avlayah_HUB,0,LTD
ACCOUNT_LEADS,OVERVIEW,201,East,2013,NY Metro,CRM_PATIENTS,0,YTD
ACCOUNT_LEADS,OVERVIEW,201,East,2003,MidAtlantic CTL,AVLAYAH_Medicaid_Patients,0,MTD
ACCOUNT_LEADS,OVERVIEW,201,East,2002,Northeast-PA,AVLAYAH_Unknown_Patients,0,LTD
ACCOUNT_LEADS,OVERVIEW,201,East,2005,Great Lakes-Detroit,AVLAYAH_PATIENTS_LT_5,0,QTD
ACCOUNT_LEADS,OVERVIEW,201,East,2001,New England,AVLAYAH_Medicare_Patients,0,YTD
ACCOUNT_LEADS,OVERVIEW,202,West,2010,Southern Cal,AVLAYAH_Commercial_Patients,0,MTD
ACCOUNT_LEADS,OVERVIEW,201,East,2004,Southeast-ATL,AVLAYAH_PATIENTS_5_10,0,LTD
ACCOUNT_LEADS,OVERVIEW,202,West,2009,Southwest,AVLAYAH_PATIENTS_17_PLUS,0,QTD
ACCOUNT_LEADS,OVERVIEW,202,West,2006,Midwest,ELAPRASE_LT_5,2,MTD
ACCOUNT_LEADS,OVERVIEW,202,West,2012,Pac Northwest,ELAPRASE_17_PLUS,13,LTD
ACCOUNT_LEADS,OVERVIEW,202,West,2011,Southcentral,HCO_ORDERED,0,QTD
ACCOUNT_LEADS,OVERVIEW,201,East,2013,NY Metro,SP_VIALS,0,YTD
ACCOUNT_LEADS,OVERVIEW,201,East,2003,MidAtlantic CTL,HCO_VIALS,1,MTD
ACCOUNT_LEADS,OVERVIEW,201,East,2002,Northeast-PA,Avlayah_SP,0,LTD
ACCOUNT_LEADS,OVERVIEW,201,East,2005,Great Lakes-Detroit,Avlayah_CRM,0,QTD
ACCOUNT_LEADS,OVERVIEW,201,East,2001,New England,AVLAYAH_PATIENTS_11_16,0,YTD
ACCOUNT_LEADS,OVERVIEW,202,West,2010,Southern Cal,Severe_Avlayah,0,MTD
ACCOUNT_LEADS,OVERVIEW,201,East,2004,Southeast-ATL,ELAPRASE_5_10,7,LTD
ACCOUNT_LEADS,OVERVIEW,202,West,2009,Southwest,ELAPRASE_11_16,4,QTD
ACCOUNT_LEADS,OVERVIEW,202,West,2006,Midwest,TOTAL_VIALS,26,MTD
ACCOUNT_LEADS,OVERVIEW,202,West,2012,Pac Northwest,Avlayah_Claims,0,LTD
ACCOUNT_LEADS,OVERVIEW,202,West,2011,Southcentral,Avlayah_HUB,0,QTD
ACCOUNT_LEADS,OVERVIEW,201,East,2013,NY Metro,CRM_PATIENTS,0,MTD
ACCOUNT_LEADS,OVERVIEW,201,East,2003,MidAtlantic CTL,AVLAYAH_Medicaid_Patients,0,LTD
ACCOUNT_LEADS,OVERVIEW,201,East,2002,Northeast-PA,AVLAYAH_Unknown_Patients,0,QTD
ACCOUNT_LEADS,OVERVIEW,201,East,2005,Great Lakes-Detroit,AVLAYAH_PATIENTS_LT_5,0,YTD
ACCOUNT_LEADS,OVERVIEW,201,East,2001,New England,AVLAYAH_Medicare_Patients,0,MTD
ACCOUNT_LEADS,OVERVIEW,202,West,2010,Southern Cal,AVLAYAH_Commercial_Patients,0,LTD
ACCOUNT_LEADS,OVERVIEW,201,East,2004,Southeast-ATL,AVLAYAH_PATIENTS_5_10,0,QTD
ACCOUNT_LEADS,OVERVIEW,202,West,2009,Southwest,AVLAYAH_PATIENTS_17_PLUS,0,YTD
ACCOUNT_LEADS,OVERVIEW,202,West,2006,Midwest,ELAPRASE_LT_5,3,LTD
ACCOUNT_LEADS,OVERVIEW,202,West,2012,Pac Northwest,ELAPRASE_17_PLUS,6,QTD
ACCOUNT_LEADS,OVERVIEW,202,West,2011,Southcentral,HCO_ORDERED,0,YTD
ACCOUNT_LEADS,OVERVIEW,201,East,2013,NY Metro,SP_VIALS,0,MTD
ACCOUNT_LEADS,OVERVIEW,201,East,2003,MidAtlantic CTL,HCO_VIALS,1,LTD
ACCOUNT_LEADS,OVERVIEW,201,East,2002,Northeast-PA,Avlayah_SP,0,QTD
ACCOUNT_LEADS,OVERVIEW,201,East,2005,Great Lakes-Detroit,Avlayah_CRM,0,YTD
ACCOUNT_LEADS,OVERVIEW,201,East,2001,New England,AVLAYAH_PATIENTS_11_16,0,MTD
ACCOUNT_LEADS,OVERVIEW,202,West,2010,Southern Cal,Severe_Avlayah,0,LTD
ACCOUNT_LEADS,OVERVIEW,201,East,2004,Southeast-ATL,ELAPRASE_5_10,4,QTD
ACCOUNT_LEADS,OVERVIEW,202,West,2009,Southwest,ELAPRASE_11_16,4,YTD
ACCOUNT_LEADS,OVERVIEW,202,West,2006,Midwest,TOTAL_VIALS,26,LTD
ACCOUNT_LEADS,OVERVIEW,202,West,2012,Pac Northwest,Avlayah_Claims,0,QTD
ACCOUNT_LEADS,OVERVIEW,202,West,2011,Southcentral,Avlayah_HUB,0,YTD
ACCOUNT_LEADS,OVERVIEW,201,East,2003,MidAtlantic CTL,CRM_PATIENTS,0,LTD
ACCOUNT_LEADS,OVERVIEW,201,East,2002,Northeast-PA,AVLAYAH_Medicaid_Patients,0,QTD
ACCOUNT_LEADS,OVERVIEW,201,East,2005,Great Lakes-Detroit,AVLAYAH_Unknown_Patients,0,YTD
ACCOUNT_LEADS,OVERVIEW,201,East,2001,New England,AVLAYAH_PATIENTS_LT_5,0,MTD
ACCOUNT_LEADS,OVERVIEW,202,West,2010,Southern Cal,AVLAYAH_Medicare_Patients,0,LTD
ACCOUNT_LEADS,OVERVIEW,201,East,2004,Southeast-ATL,AVLAYAH_Commercial_Patients,0,QTD
ACCOUNT_LEADS,OVERVIEW,202,West,2009,Southwest,AVLAYAH_PATIENTS_5_10,0,YTD
ACCOUNT_LEADS,OVERVIEW,202,West,2006,Midwest,Attenuated_Avlayah,0,LTD
ACCOUNT_LEADS,OVERVIEW,202,West,2012,Pac Northwest,ELAPRASE_LT_5,1,QTD
ACCOUNT_LEADS,OVERVIEW,202,West,2011,Southcentral,ELAPRASE_17_PLUS,8,YTD
ACCOUNT_LEADS,OVERVIEW,201,East,2013,NY Metro,HCO_ORDERED,0,MTD
ACCOUNT_LEADS,OVERVIEW,201,East,2003,MidAtlantic CTL,SP_VIALS,0,LTD
ACCOUNT_LEADS,OVERVIEW,201,East,2002,Northeast-PA,HCO_VIALS,1,QTD
ACCOUNT_LEADS,OVERVIEW,201,East,2005,Great Lakes-Detroit,Avlayah_SP,0,YTD
ACCOUNT_LEADS,OVERVIEW,201,East,2001,New England,Avlayah_CRM,0,MTD
ACCOUNT_LEADS,OVERVIEW,202,West,2010,Southern Cal,AVLAYAH_PATIENTS_11_16,0,LTD
ACCOUNT_LEADS,OVERVIEW,201,East,2004,Southeast-ATL,Severe_Avlayah,0,QTD
ACCOUNT_LEADS,OVERVIEW,202,West,2009,Southwest,ELAPRASE_5_10,3,YTD
ACCOUNT_LEADS,OVERVIEW,202,West,2006,Midwest,HCP_PRESCRIBED,0,LTD
ACCOUNT_LEADS,OVERVIEW,202,West,2012,Pac Northwest,TOTAL_VIALS,0,QTD
ACCOUNT_LEADS,OVERVIEW,202,West,2011,Southcentral,Avlayah_Claims,0,YTD
ACCOUNT_LEADS,OVERVIEW,201,East,2013,NY Metro,Avlayah_HUB,0,MTD
ACCOUNT_LEADS,OVERVIEW,201,East,2003,MidAtlantic CTL,CRM_PATIENTS,0,QTD
ACCOUNT_LEADS,OVERVIEW,201,East,2002,Northeast-PA,AVLAYAH_Medicaid_Patients,0,YTD
ACCOUNT_LEADS,OVERVIEW,201,East,2005,Great Lakes-Detroit,AVLAYAH_Unknown_Patients,0,MTD
ACCOUNT_LEADS,OVERVIEW,201,East,2001,New England,AVLAYAH_PATIENTS_LT_5,0,LTD
ACCOUNT_LEADS,OVERVIEW,202,West,2010,Southern Cal,AVLAYAH_Medicare_Patients,0,QTD
ACCOUNT_LEADS,OVERVIEW,201,East,2004,Southeast-ATL,AVLAYAH_Commercial_Patients,0,YTD
ACCOUNT_LEADS,OVERVIEW,202,West,2009,Southwest,AVLAYAH_PATIENTS_5_10,0,MTD
ACCOUNT_LEADS,OVERVIEW,202,West,2006,Midwest,Attenuated_Avlayah,0,QTD
ACCOUNT_LEADS,OVERVIEW,202,West,2012,Pac Northwest,ELAPRASE_LT_5,1,YTD
ACCOUNT_LEADS,OVERVIEW,202,West,2011,Southcentral,ELAPRASE_17_PLUS,8,MTD
ACCOUNT_LEADS,OVERVIEW,201,East,2013,NY Metro,HCO_ORDERED,0,LTD
ACCOUNT_LEADS,OVERVIEW,201,East,2003,MidAtlantic CTL,SP_VIALS,0,QTD
ACCOUNT_LEADS,OVERVIEW,201,East,2002,Northeast-PA,HCO_VIALS,1,YTD
ACCOUNT_LEADS,OVERVIEW,201,East,2005,Great Lakes-Detroit,Avlayah_SP,0,MTD
ACCOUNT_LEADS,OVERVIEW,201,East,2001,New England,Avlayah_CRM,0,LTD
ACCOUNT_LEADS,OVERVIEW,202,West,2010,Southern Cal,AVLAYAH_PATIENTS_11_16,0,QTD
ACCOUNT_LEADS,OVERVIEW,201,East,2004,Southeast-ATL,Severe_Avlayah,0,YTD
ACCOUNT_LEADS,OVERVIEW,202,West,2009,Southwest,ELAPRASE_5_10,1,MTD
ACCOUNT_LEADS,OVERVIEW,202,West,2006,Midwest,HCP_PRESCRIBED,0,QTD
ACCOUNT_LEADS,OVERVIEW,202,West,2012,Pac Northwest,TOTAL_VIALS,0,YTD
ACCOUNT_LEADS,OVERVIEW,202,West,2011,Southcentral,Avlayah_Claims,0,MTD
ACCOUNT_LEADS,OVERVIEW,201,East,2013,NY Metro,Avlayah_HUB,0,LTD
ACCOUNT_LEADS,OVERVIEW,201,East,2003,MidAtlantic CTL,CRM_PATIENTS,0,YTD
ACCOUNT_LEADS,OVERVIEW,201,East,2002,Northeast-PA,AVLAYAH_Medicaid_Patients,0,MTD
ACCOUNT_LEADS,OVERVIEW,201,East,2005,Great Lakes-Detroit,AVLAYAH_Unknown_Patients,0,LTD
ACCOUNT_LEADS,OVERVIEW,201,East,2001,New England,AVLAYAH_PATIENTS_LT_5,0,QTD
ACCOUNT_LEADS,OVERVIEW,202,West,2010,Southern Cal,AVLAYAH_Medicare_Patients,0,YTD
ACCOUNT_LEADS,OVERVIEW,201,East,2004,Southeast-ATL,AVLAYAH_Commercial_Patients,0,MTD
ACCOUNT_LEADS,OVERVIEW,202,West,2009,Southwest,AVLAYAH_PATIENTS_5_10,0,LTD
ACCOUNT_LEADS,OVERVIEW,202,West,2006,Midwest,Attenuated_Avlayah,0,YTD
ACCOUNT_LEADS,OVERVIEW,202,West,2012,Pac Northwest,ELAPRASE_LT_5,1,MTD
ACCOUNT_LEADS,OVERVIEW,202,West,2011,Southcentral,ELAPRASE_17_PLUS,16,LTD
ACCOUNT_LEADS,OVERVIEW,201,East,2013,NY Metro,HCO_ORDERED,0,QTD
ACCOUNT_LEADS,OVERVIEW,201,East,2003,MidAtlantic CTL,SP_VIALS,0,YTD
ACCOUNT_LEADS,OVERVIEW,201,East,2002,Northeast-PA,HCO_VIALS,1,MTD
ACCOUNT_LEADS,OVERVIEW,201,East,2005,Great Lakes-Detroit,Avlayah_SP,0,LTD
ACCOUNT_LEADS,OVERVIEW,201,East,2001,New England,Avlayah_CRM,0,QTD
ACCOUNT_LEADS,OVERVIEW,202,West,2010,Southern Cal,AVLAYAH_PATIENTS_11_16,0,YTD
ACCOUNT_LEADS,OVERVIEW,201,East,2004,Southeast-ATL,Severe_Avlayah,0,MTD
ACCOUNT_LEADS,OVERVIEW,202,West,2009,Southwest,ELAPRASE_5_10,5,LTD
ACCOUNT_LEADS,OVERVIEW,202,West,2006,Midwest,HCP_PRESCRIBED,0,YTD
ACCOUNT_LEADS,OVERVIEW,202,West,2012,Pac Northwest,TOTAL_VIALS,0,MTD
ACCOUNT_LEADS,OVERVIEW,202,West,2011,Southcentral,Avlayah_Claims,0,LTD
ACCOUNT_LEADS,OVERVIEW,201,East,2013,NY Metro,Avlayah_HUB,0,QTD
ACCOUNT_LEADS,OVERVIEW,201,East,2003,MidAtlantic CTL,CRM_PATIENTS,0,MTD
ACCOUNT_LEADS,OVERVIEW,201,East,2002,Northeast-PA,AVLAYAH_Medicaid_Patients,0,LTD
ACCOUNT_LEADS,OVERVIEW,201,East,2005,Great Lakes-Detroit,AVLAYAH_Unknown_Patients,0,QTD
ACCOUNT_LEADS,OVERVIEW,201,East,2001,New England,AVLAYAH_PATIENTS_LT_5,0,YTD
ACCOUNT_LEADS,OVERVIEW,202,West,2010,Southern Cal,AVLAYAH_Medicare_Patients,0,MTD
ACCOUNT_LEADS,OVERVIEW,201,East,2004,Southeast-ATL,AVLAYAH_Commercial_Patients,0,LTD
ACCOUNT_LEADS,OVERVIEW,202,West,2009,Southwest,AVLAYAH_PATIENTS_5_10,0,QTD
ACCOUNT_LEADS,OVERVIEW,202,West,2006,Midwest,Attenuated_Avlayah,0,MTD
ACCOUNT_LEADS,OVERVIEW,202,West,2012,Pac Northwest,ELAPRASE_LT_5,1,LTD
ACCOUNT_LEADS,OVERVIEW,202,West,2011,Southcentral,ELAPRASE_17_PLUS,8,QTD
ACCOUNT_LEADS,OVERVIEW,201,East,2013,NY Metro,HCO_ORDERED,0,YTD
ACCOUNT_LEADS,OVERVIEW,201,East,2003,MidAtlantic CTL,SP_VIALS,0,MTD
ACCOUNT_LEADS,OVERVIEW,201,East,2002,Northeast-PA,HCO_VIALS,1,LTD
ACCOUNT_LEADS,OVERVIEW,201,East,2005,Great Lakes-Detroit,Avlayah_SP,0,QTD
ACCOUNT_LEADS,OVERVIEW,201,East,2001,New England,Avlayah_CRM,0,YTD
ACCOUNT_LEADS,OVERVIEW,202,West,2010,Southern Cal,AVLAYAH_PATIENTS_11_16,0,MTD
ACCOUNT_LEADS,OVERVIEW,201,East,2004,Southeast-ATL,Severe_Avlayah,0,LTD
ACCOUNT_LEADS,OVERVIEW,202,West,2009,Southwest,ELAPRASE_5_10,3,QTD
ACCOUNT_LEADS,OVERVIEW,202,West,2006,Midwest,HCP_PRESCRIBED,0,MTD
ACCOUNT_LEADS,OVERVIEW,202,West,2012,Pac Northwest,TOTAL_VIALS,0,LTD
ACCOUNT_LEADS,OVERVIEW,202,West,2011,Southcentral,Avlayah_Claims,0,QTD
ACCOUNT_LEADS,OVERVIEW,201,East,2013,NY Metro,Avlayah_HUB,0,YTD
ACCOUNT_LEADS,OVERVIEW,201,East,2002,Northeast-PA,CRM_PATIENTS,0,LTD
ACCOUNT_LEADS,OVERVIEW,201,East,2005,Great Lakes-Detroit,AVLAYAH_Medicaid_Patients,0,QTD
ACCOUNT_LEADS,OVERVIEW,201,East,2001,New England,AVLAYAH_Unknown_Patients,0,YTD
ACCOUNT_LEADS,OVERVIEW,202,West,2010,Southern Cal,AVLAYAH_PATIENTS_LT_5,0,MTD
ACCOUNT_LEADS,OVERVIEW,201,East,2004,Southeast-ATL,AVLAYAH_Medicare_Patients,0,LTD
ACCOUNT_LEADS,OVERVIEW,202,West,2009,Southwest,AVLAYAH_Commercial_Patients,0,QTD
ACCOUNT_LEADS,OVERVIEW,202,West,2006,Midwest,AVLAYAH_PATIENTS_17_PLUS,0,MTD
ACCOUNT_LEADS,OVERVIEW,202,West,2012,Pac Northwest,Attenuated_Avlayah,0,LTD
ACCOUNT_LEADS,OVERVIEW,202,West,2011,Southcentral,ELAPRASE_LT_5,0,QTD
ACCOUNT_LEADS,OVERVIEW,201,East,2013,NY Metro,ELAPRASE_17_PLUS,3,YTD
ACCOUNT_LEADS,OVERVIEW,201,East,2003,MidAtlantic CTL,HCO_ORDERED,1,MTD
ACCOUNT_LEADS,OVERVIEW,201,East,2002,Northeast-PA,SP_VIALS,0,LTD
ACCOUNT_LEADS,OVERVIEW,201,East,2005,Great Lakes-Detroit,HCO_VIALS,0,QTD
ACCOUNT_LEADS,OVERVIEW,201,East,2001,New England,Avlayah_SP,0,YTD
ACCOUNT_LEADS,OVERVIEW,202,West,2010,Southern Cal,Avlayah_CRM,2,MTD
ACCOUNT_LEADS,OVERVIEW,201,East,2004,Southeast-ATL,AVLAYAH_PATIENTS_11_16,0,LTD
ACCOUNT_LEADS,OVERVIEW,202,West,2009,Southwest,Severe_Avlayah,0,QTD
ACCOUNT_LEADS,OVERVIEW,202,West,2006,Midwest,ELAPRASE_11_16,10,MTD
ACCOUNT_LEADS,OVERVIEW,202,West,2012,Pac Northwest,HCP_PRESCRIBED,0,LTD
ACCOUNT_LEADS,OVERVIEW,202,West,2011,Southcentral,TOTAL_VIALS,0,QTD
ACCOUNT_LEADS,OVERVIEW,201,East,2013,NY Metro,Avlayah_Claims,0,YTD
ACCOUNT_LEADS,OVERVIEW,201,East,2003,MidAtlantic CTL,Avlayah_HUB,0,MTD
ACCOUNT_LEADS,OVERVIEW,201,East,2002,Northeast-PA,CRM_PATIENTS,0,QTD
ACCOUNT_LEADS,OVERVIEW,201,East,2005,Great Lakes-Detroit,AVLAYAH_Medicaid_Patients,0,YTD
ACCOUNT_LEADS,OVERVIEW,201,East,2001,New England,AVLAYAH_Unknown_Patients,0,MTD
ACCOUNT_LEADS,OVERVIEW,202,West,2010,Southern Cal,AVLAYAH_PATIENTS_LT_5,0,LTD
ACCOUNT_LEADS,OVERVIEW,201,East,2004,Southeast-ATL,AVLAYAH_Medicare_Patients,0,QTD
ACCOUNT_LEADS,OVERVIEW,202,West,2009,Southwest,AVLAYAH_Commercial_Patients,0,YTD
ACCOUNT_LEADS,OVERVIEW,202,West,2006,Midwest,AVLAYAH_PATIENTS_17_PLUS,0,LTD
ACCOUNT_LEADS,OVERVIEW,202,West,2012,Pac Northwest,Attenuated_Avlayah,0,QTD
ACCOUNT_LEADS,OVERVIEW,202,West,2011,Southcentral,ELAPRASE_LT_5,0,YTD
ACCOUNT_LEADS,OVERVIEW,201,East,2013,NY Metro,ELAPRASE_17_PLUS,2,MTD
ACCOUNT_LEADS,OVERVIEW,201,East,2003,MidAtlantic CTL,HCO_ORDERED,1,LTD
ACCOUNT_LEADS,OVERVIEW,201,East,2002,Northeast-PA,SP_VIALS,0,QTD
ACCOUNT_LEADS,OVERVIEW,201,East,2005,Great Lakes-Detroit,HCO_VIALS,0,YTD
ACCOUNT_LEADS,OVERVIEW,201,East,2001,New England,Avlayah_SP,0,MTD
ACCOUNT_LEADS,OVERVIEW,202,West,2010,Southern Cal,Avlayah_CRM,2,LTD
ACCOUNT_LEADS,OVERVIEW,201,East,2004,Southeast-ATL,AVLAYAH_PATIENTS_11_16,0,QTD
ACCOUNT_LEADS,OVERVIEW,202,West,2009,Southwest,Severe_Avlayah,0,YTD
ACCOUNT_LEADS,OVERVIEW,202,West,2006,Midwest,ELAPRASE_11_16,15,LTD
ACCOUNT_LEADS,OVERVIEW,202,West,2012,Pac Northwest,HCP_PRESCRIBED,0,QTD
ACCOUNT_LEADS,OVERVIEW,202,West,2011,Southcentral,TOTAL_VIALS,0,YTD
ACCOUNT_LEADS,OVERVIEW,201,East,2013,NY Metro,Avlayah_Claims,0,MTD
ACCOUNT_LEADS,OVERVIEW,201,East,2003,MidAtlantic CTL,Avlayah_HUB,0,LTD
ACCOUNT_LEADS,OVERVIEW,201,East,2002,Northeast-PA,CRM_PATIENTS,0,YTD
ACCOUNT_LEADS,OVERVIEW,201,East,2005,Great Lakes-Detroit,AVLAYAH_Medicaid_Patients,0,MTD
ACCOUNT_LEADS,OVERVIEW,201,East,2001,New England,AVLAYAH_Unknown_Patients,0,LTD
ACCOUNT_LEADS,OVERVIEW,202,West,2010,Southern Cal,AVLAYAH_PATIENTS_LT_5,0,QTD
ACCOUNT_LEADS,OVERVIEW,201,East,2004,Southeast-ATL,AVLAYAH_Medicare_Patients,0,YTD
ACCOUNT_LEADS,OVERVIEW,202,West,2009,Southwest,AVLAYAH_Commercial_Patients,0,MTD
ACCOUNT_LEADS,OVERVIEW,202,West,2006,Midwest,AVLAYAH_PATIENTS_17_PLUS,0,QTD
ACCOUNT_LEADS,OVERVIEW,202,West,2012,Pac Northwest,Attenuated_Avlayah,0,YTD
ACCOUNT_LEADS,OVERVIEW,202,West,2011,Southcentral,ELAPRASE_LT_5,0,MTD
ACCOUNT_LEADS,OVERVIEW,201,East,2013,NY Metro,ELAPRASE_17_PLUS,10,LTD
ACCOUNT_LEADS,OVERVIEW,201,East,2003,MidAtlantic CTL,HCO_ORDERED,1,QTD
ACCOUNT_LEADS,OVERVIEW,201,East,2002,Northeast-PA,SP_VIALS,0,YTD
ACCOUNT_LEADS,OVERVIEW,201,East,2005,Great Lakes-Detroit,HCO_VIALS,0,MTD
ACCOUNT_LEADS,OVERVIEW,201,East,2001,New England,Avlayah_SP,0,LTD
ACCOUNT_LEADS,OVERVIEW,202,West,2010,Southern Cal,Avlayah_CRM,2,QTD
ACCOUNT_LEADS,OVERVIEW,201,East,2004,Southeast-ATL,AVLAYAH_PATIENTS_11_16,0,YTD
ACCOUNT_LEADS,OVERVIEW,202,West,2009,Southwest,Severe_Avlayah,0,MTD
ACCOUNT_LEADS,OVERVIEW,202,West,2006,Midwest,ELAPRASE_11_16,11,QTD
ACCOUNT_LEADS,OVERVIEW,202,West,2012,Pac Northwest,HCP_PRESCRIBED,0,YTD
ACCOUNT_LEADS,OVERVIEW,202,West,2011,Southcentral,TOTAL_VIALS,0,MTD
ACCOUNT_LEADS,OVERVIEW,201,East,2013,NY Metro,Avlayah_Claims,0,LTD
ACCOUNT_LEADS,OVERVIEW,201,East,2003,MidAtlantic CTL,Avlayah_HUB,0,QTD
ACCOUNT_LEADS,OVERVIEW,201,East,2002,Northeast-PA,CRM_PATIENTS,0,MTD
ACCOUNT_LEADS,OVERVIEW,201,East,2005,Great Lakes-Detroit,AVLAYAH_Medicaid_Patients,0,LTD
ACCOUNT_LEADS,OVERVIEW,201,East,2001,New England,AVLAYAH_Unknown_Patients,0,QTD
ACCOUNT_LEADS,OVERVIEW,202,West,2010,Southern Cal,AVLAYAH_PATIENTS_LT_5,0,YTD
ACCOUNT_LEADS,OVERVIEW,201,East,2004,Southeast-ATL,AVLAYAH_Medicare_Patients,0,MTD
ACCOUNT_LEADS,OVERVIEW,202,West,2009,Southwest,AVLAYAH_Commercial_Patients,0,LTD
ACCOUNT_LEADS,OVERVIEW,202,West,2006,Midwest,AVLAYAH_PATIENTS_17_PLUS,0,YTD
ACCOUNT_LEADS,OVERVIEW,202,West,2012,Pac Northwest,Attenuated_Avlayah,0,MTD
ACCOUNT_LEADS,OVERVIEW,202,West,2011,Southcentral,ELAPRASE_LT_5,3,LTD
ACCOUNT_LEADS,OVERVIEW,201,East,2013,NY Metro,ELAPRASE_17_PLUS,3,QTD
ACCOUNT_LEADS,OVERVIEW,201,East,2003,MidAtlantic CTL,HCO_ORDERED,1,YTD
ACCOUNT_LEADS,OVERVIEW,201,East,2002,Northeast-PA,SP_VIALS,0,MTD
ACCOUNT_LEADS,OVERVIEW,201,East,2005,Great Lakes-Detroit,HCO_VIALS,0,LTD
ACCOUNT_LEADS,OVERVIEW,201,East,2001,New England,Avlayah_SP,0,QTD
ACCOUNT_LEADS,OVERVIEW,202,West,2010,Southern Cal,Avlayah_CRM,2,YTD
ACCOUNT_LEADS,OVERVIEW,201,East,2004,Southeast-ATL,AVLAYAH_PATIENTS_11_16,0,MTD
ACCOUNT_LEADS,OVERVIEW,202,West,2009,Southwest,Severe_Avlayah,0,LTD
ACCOUNT_LEADS,OVERVIEW,202,West,2006,Midwest,ELAPRASE_11_16,11,YTD
ACCOUNT_LEADS,OVERVIEW,202,West,2012,Pac Northwest,HCP_PRESCRIBED,0,MTD
ACCOUNT_LEADS,OVERVIEW,202,West,2011,Southcentral,TOTAL_VIALS,0,LTD
ACCOUNT_LEADS,OVERVIEW,201,East,2013,NY Metro,Avlayah_Claims,0,QTD
ACCOUNT_LEADS,OVERVIEW,201,East,2003,MidAtlantic CTL,Avlayah_HUB,0,YTD
ACCOUNT_LEADS,OVERVIEW,201,East,2005,Great Lakes-Detroit,CRM_PATIENTS,0,LTD
ACCOUNT_LEADS,OVERVIEW,201,East,2001,New England,AVLAYAH_Medicaid_Patients,0,QTD
ACCOUNT_LEADS,OVERVIEW,202,West,2010,Southern Cal,AVLAYAH_Unknown_Patients,0,YTD
ACCOUNT_LEADS,OVERVIEW,201,East,2004,Southeast-ATL,AVLAYAH_PATIENTS_LT_5,0,MTD
ACCOUNT_LEADS,OVERVIEW,202,West,2009,Southwest,AVLAYAH_Medicare_Patients,0,LTD
ACCOUNT_LEADS,OVERVIEW,202,West,2006,Midwest,AVLAYAH_PATIENTS_5_10,0,YTD
ACCOUNT_LEADS,OVERVIEW,202,West,2012,Pac Northwest,AVLAYAH_PATIENTS_17_PLUS,0,MTD
ACCOUNT_LEADS,OVERVIEW,202,West,2011,Southcentral,Attenuated_Avlayah,0,LTD
ACCOUNT_LEADS,OVERVIEW,201,East,2013,NY Metro,ELAPRASE_LT_5,0,QTD
ACCOUNT_LEADS,OVERVIEW,201,East,2003,MidAtlantic CTL,ELAPRASE_17_PLUS,7,YTD
ACCOUNT_LEADS,OVERVIEW,201,East,2002,Northeast-PA,HCO_ORDERED,1,MTD
ACCOUNT_LEADS,OVERVIEW,201,East,2005,Great Lakes-Detroit,SP_VIALS,0,LTD
ACCOUNT_LEADS,OVERVIEW,201,East,2001,New England,HCO_VIALS,0,QTD
ACCOUNT_LEADS,OVERVIEW,202,West,2010,Southern Cal,Avlayah_SP,0,YTD
ACCOUNT_LEADS,OVERVIEW,201,East,2004,Southeast-ATL,Avlayah_CRM,0,MTD
ACCOUNT_LEADS,OVERVIEW,202,West,2009,Southwest,AVLAYAH_PATIENTS_11_16,0,LTD
ACCOUNT_LEADS,OVERVIEW,202,West,2006,Midwest,ELAPRASE_5_10,3,YTD
ACCOUNT_LEADS,OVERVIEW,202,West,2012,Pac Northwest,ELAPRASE_11_16,2,MTD
ACCOUNT_LEADS,OVERVIEW,202,West,2011,Southcentral,HCP_PRESCRIBED,0,LTD
ACCOUNT_LEADS,OVERVIEW,201,East,2013,NY Metro,TOTAL_VIALS,0,QTD
ACCOUNT_LEADS,OVERVIEW,201,East,2003,MidAtlantic CTL,Avlayah_Claims,0,YTD
ACCOUNT_LEADS,OVERVIEW,201,East,2002,Northeast-PA,Avlayah_HUB,0,MTD
ACCOUNT_LEADS,OVERVIEW,201,East,2005,Great Lakes-Detroit,CRM_PATIENTS,0,QTD
ACCOUNT_LEADS,OVERVIEW,201,East,2001,New England,AVLAYAH_Medicaid_Patients,0,YTD
ACCOUNT_LEADS,OVERVIEW,202,West,2010,Southern Cal,AVLAYAH_Unknown_Patients,0,MTD
ACCOUNT_LEADS,OVERVIEW,201,East,2004,Southeast-ATL,AVLAYAH_PATIENTS_LT_5,0,LTD
ACCOUNT_LEADS,OVERVIEW,202,West,2009,Southwest,AVLAYAH_Medicare_Patients,0,QTD
ACCOUNT_LEADS,OVERVIEW,202,West,2006,Midwest,AVLAYAH_PATIENTS_5_10,0,MTD
ACCOUNT_LEADS,OVERVIEW,202,West,2012,Pac Northwest,AVLAYAH_PATIENTS_17_PLUS,0,LTD
ACCOUNT_LEADS,OVERVIEW,202,West,2011,Southcentral,Attenuated_Avlayah,0,QTD
ACCOUNT_LEADS,OVERVIEW,201,East,2013,NY Metro,ELAPRASE_LT_5,0,YTD
ACCOUNT_LEADS,OVERVIEW,201,East,2003,MidAtlantic CTL,ELAPRASE_17_PLUS,4,MTD
ACCOUNT_LEADS,OVERVIEW,201,East,2002,Northeast-PA,HCO_ORDERED,1,LTD
ACCOUNT_LEADS,OVERVIEW,201,East,2005,Great Lakes-Detroit,SP_VIALS,0,QTD
ACCOUNT_LEADS,OVERVIEW,201,East,2001,New England,HCO_VIALS,0,YTD
ACCOUNT_LEADS,OVERVIEW,202,West,2010,Southern Cal,Avlayah_SP,0,MTD
ACCOUNT_LEADS,OVERVIEW,201,East,2004,Southeast-ATL,Avlayah_CRM,0,LTD
ACCOUNT_LEADS,OVERVIEW,202,West,2009,Southwest,AVLAYAH_PATIENTS_11_16,0,QTD
ACCOUNT_LEADS,OVERVIEW,202,West,2006,Midwest,ELAPRASE_5_10,3,MTD
ACCOUNT_LEADS,OVERVIEW,202,West,2012,Pac Northwest,ELAPRASE_11_16,6,LTD
ACCOUNT_LEADS,OVERVIEW,202,West,2011,Southcentral,HCP_PRESCRIBED,0,QTD
ACCOUNT_LEADS,OVERVIEW,201,East,2013,NY Metro,TOTAL_VIALS,0,YTD
ACCOUNT_LEADS,OVERVIEW,201,East,2003,MidAtlantic CTL,Avlayah_Claims,0,MTD
ACCOUNT_LEADS,OVERVIEW,201,East,2002,Northeast-PA,Avlayah_HUB,0,LTD
ACCOUNT_LEADS,OVERVIEW,201,East,2005,Great Lakes-Detroit,CRM_PATIENTS,0,YTD
ACCOUNT_LEADS,OVERVIEW,201,East,2001,New England,AVLAYAH_Medicaid_Patients,0,MTD
ACCOUNT_LEADS,OVERVIEW,202,West,2010,Southern Cal,AVLAYAH_Unknown_Patients,0,LTD
ACCOUNT_LEADS,OVERVIEW,201,East,2004,Southeast-ATL,AVLAYAH_PATIENTS_LT_5,0,QTD
ACCOUNT_LEADS,OVERVIEW,202,West,2009,Southwest,AVLAYAH_Medicare_Patients,0,YTD
ACCOUNT_LEADS,OVERVIEW,202,West,2006,Midwest,AVLAYAH_PATIENTS_5_10,0,LTD
ACCOUNT_LEADS,OVERVIEW,202,West,2012,Pac Northwest,AVLAYAH_PATIENTS_17_PLUS,0,QTD
ACCOUNT_LEADS,OVERVIEW,202,West,2011,Southcentral,Attenuated_Avlayah,0,YTD
ACCOUNT_LEADS,OVERVIEW,201,East,2013,NY Metro,ELAPRASE_LT_5,0,MTD
ACCOUNT_LEADS,OVERVIEW,201,East,2003,MidAtlantic CTL,ELAPRASE_17_PLUS,14,LTD
ACCOUNT_LEADS,OVERVIEW,201,East,2002,Northeast-PA,HCO_ORDERED,1,QTD
ACCOUNT_LEADS,OVERVIEW,201,East,2005,Great Lakes-Detroit,SP_VIALS,0,YTD
ACCOUNT_LEADS,OVERVIEW,201,East,2001,New England,HCO_VIALS,0,MTD
ACCOUNT_LEADS,OVERVIEW,202,West,2010,Southern Cal,Avlayah_SP,0,LTD
ACCOUNT_LEADS,OVERVIEW,201,East,2004,Southeast-ATL,Avlayah_CRM,0,QTD
ACCOUNT_LEADS,OVERVIEW,202,West,2009,Southwest,AVLAYAH_PATIENTS_11_16,0,YTD
ACCOUNT_LEADS,OVERVIEW,202,West,2006,Midwest,ELAPRASE_5_10,9,LTD
ACCOUNT_LEADS,OVERVIEW,202,West,2012,Pac Northwest,ELAPRASE_11_16,4,QTD
ACCOUNT_LEADS,OVERVIEW,202,West,2011,Southcentral,HCP_PRESCRIBED,0,YTD
ACCOUNT_LEADS,OVERVIEW,201,East,2013,NY Metro,TOTAL_VIALS,0,MTD
ACCOUNT_LEADS,OVERVIEW,201,East,2003,MidAtlantic CTL,Avlayah_Claims,0,LTD
ACCOUNT_LEADS,OVERVIEW,201,East,2002,Northeast-PA,Avlayah_HUB,0,QTD
ACCOUNT_LEADS,OVERVIEW,201,East,2005,Great Lakes-Detroit,CRM_PATIENTS,0,MTD
ACCOUNT_LEADS,OVERVIEW,201,East,2001,New England,AVLAYAH_Medicaid_Patients,0,LTD
ACCOUNT_LEADS,OVERVIEW,202,West,2010,Southern Cal,AVLAYAH_Unknown_Patients,0,QTD
ACCOUNT_LEADS,OVERVIEW,201,East,2004,Southeast-ATL,AVLAYAH_PATIENTS_LT_5,0,YTD
ACCOUNT_LEADS,OVERVIEW,202,West,2009,Southwest,AVLAYAH_Medicare_Patients,0,MTD
ACCOUNT_LEADS,OVERVIEW,202,West,2006,Midwest,AVLAYAH_PATIENTS_5_10,0,QTD
ACCOUNT_LEADS,OVERVIEW,202,West,2012,Pac Northwest,AVLAYAH_PATIENTS_17_PLUS,0,YTD
ACCOUNT_LEADS,OVERVIEW,202,West,2011,Southcentral,Attenuated_Avlayah,0,MTD
ACCOUNT_LEADS,OVERVIEW,201,East,2013,NY Metro,ELAPRASE_LT_5,1,LTD
ACCOUNT_LEADS,OVERVIEW,201,East,2003,MidAtlantic CTL,ELAPRASE_17_PLUS,7,QTD
ACCOUNT_LEADS,OVERVIEW,201,East,2002,Northeast-PA,HCO_ORDERED,1,YTD
ACCOUNT_LEADS,OVERVIEW,201,East,2005,Great Lakes-Detroit,SP_VIALS,0,MTD
ACCOUNT_LEADS,OVERVIEW,201,East,2001,New England,HCO_VIALS,0,LTD
ACCOUNT_LEADS,OVERVIEW,202,West,2010,Southern Cal,Avlayah_SP,0,QTD
ACCOUNT_LEADS,OVERVIEW,201,East,2004,Southeast-ATL,Avlayah_CRM,0,YTD
ACCOUNT_LEADS,OVERVIEW,202,West,2009,Southwest,AVLAYAH_PATIENTS_11_16,0,MTD
ACCOUNT_LEADS,OVERVIEW,202,West,2006,Midwest,ELAPRASE_5_10,3,QTD
ACCOUNT_LEADS,OVERVIEW,202,West,2012,Pac Northwest,ELAPRASE_11_16,4,YTD
ACCOUNT_LEADS,OVERVIEW,202,West,2011,Southcentral,HCP_PRESCRIBED,0,MTD
ACCOUNT_LEADS,OVERVIEW,201,East,2013,NY Metro,TOTAL_VIALS,0,LTD
ACCOUNT_LEADS,OVERVIEW,201,East,2003,MidAtlantic CTL,Avlayah_Claims,0,QTD
ACCOUNT_LEADS,OVERVIEW,201,East,2002,Northeast-PA,Avlayah_HUB,0,YTD
ACCOUNT_LEADS,OVERVIEW,201,East,2001,New England,CRM_PATIENTS,0,LTD
ACCOUNT_LEADS,OVERVIEW,202,West,2010,Southern Cal,AVLAYAH_Medicaid_Patients,0,QTD
ACCOUNT_LEADS,OVERVIEW,201,East,2004,Southeast-ATL,AVLAYAH_Unknown_Patients,0,YTD
ACCOUNT_LEADS,OVERVIEW,202,West,2009,Southwest,AVLAYAH_PATIENTS_LT_5,0,MTD
ACCOUNT_LEADS,OVERVIEW,202,West,2006,Midwest,AVLAYAH_Commercial_Patients,0,QTD
ACCOUNT_LEADS,OVERVIEW,202,West,2012,Pac Northwest,AVLAYAH_PATIENTS_5_10,0,YTD
ACCOUNT_LEADS,OVERVIEW,202,West,2011,Southcentral,AVLAYAH_PATIENTS_17_PLUS,0,MTD
ACCOUNT_LEADS,OVERVIEW,201,East,2013,NY Metro,Attenuated_Avlayah,0,LTD
ACCOUNT_LEADS,OVERVIEW,201,East,2003,MidAtlantic CTL,ELAPRASE_LT_5,2,QTD
ACCOUNT_LEADS,OVERVIEW,201,East,2002,Northeast-PA,ELAPRASE_17_PLUS,11,YTD
ACCOUNT_LEADS,OVERVIEW,201,East,2005,Great Lakes-Detroit,HCO_ORDERED,0,MTD
ACCOUNT_LEADS,OVERVIEW,201,East,2001,New England,SP_VIALS,0,LTD
ACCOUNT_LEADS,OVERVIEW,202,West,2010,Southern Cal,HCO_VIALS,0,QTD
ACCOUNT_LEADS,OVERVIEW,201,East,2004,Southeast-ATL,Avlayah_SP,0,YTD
ACCOUNT_LEADS,OVERVIEW,202,West,2009,Southwest,Avlayah_CRM,0,MTD
ACCOUNT_LEADS,OVERVIEW,202,West,2006,Midwest,Severe_Avlayah,0,QTD
ACCOUNT_LEADS,OVERVIEW,202,West,2012,Pac Northwest,ELAPRASE_5_10,2,YTD
ACCOUNT_LEADS,OVERVIEW,202,West,2011,Southcentral,ELAPRASE_11_16,7,MTD
ACCOUNT_LEADS,OVERVIEW,201,East,2013,NY Metro,HCP_PRESCRIBED,0,LTD
ACCOUNT_LEADS,OVERVIEW,201,East,2003,MidAtlantic CTL,TOTAL_VIALS,1,QTD
ACCOUNT_LEADS,OVERVIEW,201,East,2002,Northeast-PA,Avlayah_Claims,0,YTD
ACCOUNT_LEADS,OVERVIEW,201,East,2005,Great Lakes-Detroit,Avlayah_HUB,0,MTD
ACCOUNT_LEADS,OVERVIEW,201,East,2001,New England,CRM_PATIENTS,0,QTD
ACCOUNT_LEADS,OVERVIEW,202,West,2010,Southern Cal,AVLAYAH_Medicaid_Patients,0,YTD
ACCOUNT_LEADS,OVERVIEW,201,East,2004,Southeast-ATL,AVLAYAH_Unknown_Patients,0,MTD
ACCOUNT_LEADS,OVERVIEW,202,West,2009,Southwest,AVLAYAH_PATIENTS_LT_5,0,LTD
ACCOUNT_LEADS,OVERVIEW,202,West,2006,Midwest,AVLAYAH_Commercial_Patients,0,YTD
ACCOUNT_LEADS,OVERVIEW,202,West,2012,Pac Northwest,AVLAYAH_PATIENTS_5_10,0,MTD
ACCOUNT_LEADS,OVERVIEW,202,West,2011,Southcentral,AVLAYAH_PATIENTS_17_PLUS,0,LTD
ACCOUNT_LEADS,OVERVIEW,201,East,2013,NY Metro,Attenuated_Avlayah,0,QTD
ACCOUNT_LEADS,OVERVIEW,201,East,2003,MidAtlantic CTL,ELAPRASE_LT_5,2,YTD
ACCOUNT_LEADS,OVERVIEW,201,East,2002,Northeast-PA,ELAPRASE_17_PLUS,10,MTD
ACCOUNT_LEADS,OVERVIEW,201,East,2005,Great Lakes-Detroit,HCO_ORDERED,0,LTD
ACCOUNT_LEADS,OVERVIEW,201,East,2001,New England,SP_VIALS,0,QTD
ACCOUNT_LEADS,OVERVIEW,202,West,2010,Southern Cal,HCO_VIALS,0,YTD
ACCOUNT_LEADS,OVERVIEW,201,East,2004,Southeast-ATL,Avlayah_SP,0,MTD
ACCOUNT_LEADS,OVERVIEW,202,West,2009,Southwest,Avlayah_CRM,0,LTD
ACCOUNT_LEADS,OVERVIEW,202,West,2006,Midwest,Severe_Avlayah,0,YTD
ACCOUNT_LEADS,OVERVIEW,202,West,2012,Pac Northwest,ELAPRASE_5_10,1,MTD
ACCOUNT_LEADS,OVERVIEW,202,West,2011,Southcentral,ELAPRASE_11_16,19,LTD
ACCOUNT_LEADS,OVERVIEW,201,East,2013,NY Metro,HCP_PRESCRIBED,0,QTD
ACCOUNT_LEADS,OVERVIEW,201,East,2003,MidAtlantic CTL,TOTAL_VIALS,1,YTD
ACCOUNT_LEADS,OVERVIEW,201,East,2002,Northeast-PA,Avlayah_Claims,0,MTD
ACCOUNT_LEADS,OVERVIEW,201,East,2005,Great Lakes-Detroit,Avlayah_HUB,0,LTD
ACCOUNT_LEADS,OVERVIEW,201,East,2001,New England,CRM_PATIENTS,0,YTD
ACCOUNT_LEADS,OVERVIEW,202,West,2010,Southern Cal,AVLAYAH_Medicaid_Patients,0,MTD
ACCOUNT_LEADS,OVERVIEW,201,East,2004,Southeast-ATL,AVLAYAH_Unknown_Patients,0,LTD
ACCOUNT_LEADS,OVERVIEW,202,West,2009,Southwest,AVLAYAH_PATIENTS_LT_5,0,QTD
ACCOUNT_LEADS,OVERVIEW,202,West,2006,Midwest,AVLAYAH_Commercial_Patients,0,MTD
ACCOUNT_LEADS,OVERVIEW,202,West,2012,Pac Northwest,AVLAYAH_PATIENTS_5_10,0,LTD
ACCOUNT_LEADS,OVERVIEW,202,West,2011,Southcentral,AVLAYAH_PATIENTS_17_PLUS,0,QTD
ACCOUNT_LEADS,OVERVIEW,201,East,2013,NY Metro,Attenuated_Avlayah,0,YTD
ACCOUNT_LEADS,OVERVIEW,201,East,2003,MidAtlantic CTL,ELAPRASE_LT_5,1,MTD
ACCOUNT_LEADS,OVERVIEW,201,East,2002,Northeast-PA,ELAPRASE_17_PLUS,22,LTD
ACCOUNT_LEADS,OVERVIEW,201,East,2005,Great Lakes-Detroit,HCO_ORDERED,0,QTD
ACCOUNT_LEADS,OVERVIEW,201,East,2001,New England,SP_VIALS,0,YTD
ACCOUNT_LEADS,OVERVIEW,202,West,2010,Southern Cal,HCO_VIALS,0,MTD
ACCOUNT_LEADS,OVERVIEW,201,East,2004,Southeast-ATL,Avlayah_SP,0,LTD
ACCOUNT_LEADS,OVERVIEW,202,West,2009,Southwest,Avlayah_CRM,0,QTD
ACCOUNT_LEADS,OVERVIEW,202,West,2006,Midwest,Severe_Avlayah,0,MTD
ACCOUNT_LEADS,OVERVIEW,202,West,2012,Pac Northwest,ELAPRASE_5_10,3,LTD
ACCOUNT_LEADS,OVERVIEW,202,West,2011,Southcentral,ELAPRASE_11_16,8,QTD
ACCOUNT_LEADS,OVERVIEW,201,East,2013,NY Metro,HCP_PRESCRIBED,0,YTD
ACCOUNT_LEADS,OVERVIEW,201,East,2003,MidAtlantic CTL,TOTAL_VIALS,1,MTD
ACCOUNT_LEADS,OVERVIEW,201,East,2002,Northeast-PA,Avlayah_Claims,0,LTD
ACCOUNT_LEADS,OVERVIEW,201,East,2005,Great Lakes-Detroit,Avlayah_HUB,0,QTD
ACCOUNT_LEADS,OVERVIEW,201,East,2001,New England,CRM_PATIENTS,0,MTD
ACCOUNT_LEADS,OVERVIEW,202,West,2010,Southern Cal,AVLAYAH_Medicaid_Patients,0,LTD
ACCOUNT_LEADS,OVERVIEW,201,East,2004,Southeast-ATL,AVLAYAH_Unknown_Patients,0,QTD
ACCOUNT_LEADS,OVERVIEW,202,West,2009,Southwest,AVLAYAH_PATIENTS_LT_5,0,YTD
ACCOUNT_LEADS,OVERVIEW,202,West,2006,Midwest,AVLAYAH_Commercial_Patients,0,LTD
ACCOUNT_LEADS,OVERVIEW,202,West,2012,Pac Northwest,AVLAYAH_PATIENTS_5_10,0,QTD
ACCOUNT_LEADS,OVERVIEW,202,West,2011,Southcentral,AVLAYAH_PATIENTS_17_PLUS,0,YTD
ACCOUNT_LEADS,OVERVIEW,201,East,2013,NY Metro,Attenuated_Avlayah,0,MTD
ACCOUNT_LEADS,OVERVIEW,201,East,2003,MidAtlantic CTL,ELAPRASE_LT_5,3,LTD
ACCOUNT_LEADS,OVERVIEW,201,East,2002,Northeast-PA,ELAPRASE_17_PLUS,11,QTD
ACCOUNT_LEADS,OVERVIEW,201,East,2005,Great Lakes-Detroit,HCO_ORDERED,0,YTD
ACCOUNT_LEADS,OVERVIEW,201,East,2001,New England,SP_VIALS,0,MTD
ACCOUNT_LEADS,OVERVIEW,202,West,2010,Southern Cal,HCO_VIALS,0,LTD
ACCOUNT_LEADS,OVERVIEW,201,East,2004,Southeast-ATL,Avlayah_SP,0,QTD
ACCOUNT_LEADS,OVERVIEW,202,West,2009,Southwest,Avlayah_CRM,0,YTD
ACCOUNT_LEADS,OVERVIEW,202,West,2006,Midwest,Severe_Avlayah,0,LTD
ACCOUNT_LEADS,OVERVIEW,202,West,2012,Pac Northwest,ELAPRASE_5_10,2,QTD
ACCOUNT_LEADS,OVERVIEW,202,West,2011,Southcentral,ELAPRASE_11_16,8,YTD
ACCOUNT_LEADS,OVERVIEW,201,East,2013,NY Metro,HCP_PRESCRIBED,0,MTD
ACCOUNT_LEADS,OVERVIEW,201,East,2003,MidAtlantic CTL,TOTAL_VIALS,1,LTD
ACCOUNT_LEADS,OVERVIEW,201,East,2002,Northeast-PA,Avlayah_Claims,0,QTD
ACCOUNT_LEADS,OVERVIEW,201,East,2005,Great Lakes-Detroit,Avlayah_HUB,0,YTD
ACCOUNT_LEADS,OVERVIEW,202,West,2010,Southern Cal,CRM_PATIENTS,2,LTD
ACCOUNT_LEADS,OVERVIEW,201,East,2004,Southeast-ATL,AVLAYAH_Medicaid_Patients,0,QTD
ACCOUNT_LEADS,OVERVIEW,202,West,2009,Southwest,AVLAYAH_Unknown_Patients,0,YTD
ACCOUNT_LEADS,OVERVIEW,202,West,2006,Midwest,AVLAYAH_Medicare_Patients,0,LTD
ACCOUNT_LEADS,OVERVIEW,202,West,2012,Pac Northwest,AVLAYAH_Commercial_Patients,0,QTD
ACCOUNT_LEADS,OVERVIEW,202,West,2011,Southcentral,AVLAYAH_PATIENTS_5_10,0,YTD
ACCOUNT_LEADS,OVERVIEW,201,East,2013,NY Metro,AVLAYAH_PATIENTS_17_PLUS,0,MTD
ACCOUNT_LEADS,OVERVIEW,201,East,2003,MidAtlantic CTL,Attenuated_Avlayah,0,LTD
ACCOUNT_LEADS,OVERVIEW,201,East,2002,Northeast-PA,ELAPRASE_LT_5,0,QTD
ACCOUNT_LEADS,OVERVIEW,201,East,2005,Great Lakes-Detroit,ELAPRASE_17_PLUS,5,YTD
ACCOUNT_LEADS,OVERVIEW,201,East,2001,New England,HCO_ORDERED,0,MTD
ACCOUNT_LEADS,OVERVIEW,202,West,2010,Southern Cal,SP_VIALS,0,LTD
ACCOUNT_LEADS,OVERVIEW,201,East,2004,Southeast-ATL,HCO_VIALS,0,QTD
ACCOUNT_LEADS,OVERVIEW,202,West,2009,Southwest,Avlayah_SP,0,YTD
ACCOUNT_LEADS,OVERVIEW,202,West,2006,Midwest,AVLAYAH_PATIENTS_11_16,0,LTD
ACCOUNT_LEADS,OVERVIEW,202,West,2012,Pac Northwest,Severe_Avlayah,0,QTD
ACCOUNT_LEADS,OVERVIEW,202,West,2011,Southcentral,ELAPRASE_5_10,1,YTD
ACCOUNT_LEADS,OVERVIEW,201,East,2013,NY Metro,ELAPRASE_11_16,5,MTD
ACCOUNT_LEADS,OVERVIEW,201,East,2003,MidAtlantic CTL,HCP_PRESCRIBED,0,LTD
ACCOUNT_LEADS,OVERVIEW,201,East,2002,Northeast-PA,TOTAL_VIALS,1,QTD
ACCOUNT_LEADS,OVERVIEW,201,East,2005,Great Lakes-Detroit,Avlayah_Claims,0,YTD
ACCOUNT_LEADS,OVERVIEW,201,East,2001,New England,Avlayah_HUB,0,MTD
ACCOUNT_LEADS,OVERVIEW,202,West,2010,Southern Cal,CRM_PATIENTS,2,QTD
ACCOUNT_LEADS,OVERVIEW,201,East,2004,Southeast-ATL,AVLAYAH_Medicaid_Patients,0,YTD
ACCOUNT_LEADS,OVERVIEW,202,West,2009,Southwest,AVLAYAH_Unknown_Patients,0,MTD
ACCOUNT_LEADS,OVERVIEW,202,West,2006,Midwest,AVLAYAH_Medicare_Patients,0,QTD
ACCOUNT_LEADS,OVERVIEW,202,West,2012,Pac Northwest,AVLAYAH_Commercial_Patients,0,YTD
ACCOUNT_LEADS,OVERVIEW,202,West,2011,Southcentral,AVLAYAH_PATIENTS_5_10,0,MTD
ACCOUNT_LEADS,OVERVIEW,201,East,2013,NY Metro,AVLAYAH_PATIENTS_17_PLUS,0,LTD
ACCOUNT_LEADS,OVERVIEW,201,East,2003,MidAtlantic CTL,Attenuated_Avlayah,0,QTD
ACCOUNT_LEADS,OVERVIEW,201,East,2002,Northeast-PA,ELAPRASE_LT_5,0,YTD
ACCOUNT_LEADS,OVERVIEW,201,East,2005,Great Lakes-Detroit,ELAPRASE_17_PLUS,5,MTD
ACCOUNT_LEADS,OVERVIEW,201,East,2001,New England,HCO_ORDERED,0,LTD
ACCOUNT_LEADS,OVERVIEW,202,West,2010,Southern Cal,SP_VIALS,0,QTD
ACCOUNT_LEADS,OVERVIEW,201,East,2004,Southeast-ATL,HCO_VIALS,0,YTD
ACCOUNT_LEADS,OVERVIEW,202,West,2009,Southwest,Avlayah_SP,0,MTD
ACCOUNT_LEADS,OVERVIEW,202,West,2006,Midwest,AVLAYAH_PATIENTS_11_16,0,QTD
ACCOUNT_LEADS,OVERVIEW,202,West,2012,Pac Northwest,Severe_Avlayah,0,YTD
ACCOUNT_LEADS,OVERVIEW,202,West,2011,Southcentral,ELAPRASE_5_10,1,MTD
ACCOUNT_LEADS,OVERVIEW,201,East,2013,NY Metro,ELAPRASE_11_16,9,LTD
ACCOUNT_LEADS,OVERVIEW,201,East,2003,MidAtlantic CTL,HCP_PRESCRIBED,0,QTD
ACCOUNT_LEADS,OVERVIEW,201,East,2002,Northeast-PA,TOTAL_VIALS,1,YTD
ACCOUNT_LEADS,OVERVIEW,201,East,2005,Great Lakes-Detroit,Avlayah_Claims,0,MTD
ACCOUNT_LEADS,OVERVIEW,201,East,2001,New England,Avlayah_HUB,0,LTD
ACCOUNT_LEADS,OVERVIEW,202,West,2010,Southern Cal,CRM_PATIENTS,2,YTD
ACCOUNT_LEADS,OVERVIEW,201,East,2004,Southeast-ATL,AVLAYAH_Medicaid_Patients,0,MTD
ACCOUNT_LEADS,OVERVIEW,202,West,2009,Southwest,AVLAYAH_Unknown_Patients,0,LTD
ACCOUNT_LEADS,OVERVIEW,202,West,2006,Midwest,AVLAYAH_Medicare_Patients,0,YTD
ACCOUNT_LEADS,OVERVIEW,202,West,2012,Pac Northwest,AVLAYAH_Commercial_Patients,0,MTD
ACCOUNT_LEADS,OVERVIEW,202,West,2011,Southcentral,AVLAYAH_PATIENTS_5_10,0,LTD
ACCOUNT_LEADS,OVERVIEW,201,East,2013,NY Metro,AVLAYAH_PATIENTS_17_PLUS,0,QTD
ACCOUNT_LEADS,OVERVIEW,201,East,2003,MidAtlantic CTL,Attenuated_Avlayah,0,YTD
ACCOUNT_LEADS,OVERVIEW,201,East,2002,Northeast-PA,ELAPRASE_LT_5,0,MTD
ACCOUNT_LEADS,OVERVIEW,201,East,2005,Great Lakes-Detroit,ELAPRASE_17_PLUS,18,LTD
ACCOUNT_LEADS,OVERVIEW,201,East,2001,New England,HCO_ORDERED,0,QTD
ACCOUNT_LEADS,OVERVIEW,202,West,2010,Southern Cal,SP_VIALS,0,YTD
ACCOUNT_LEADS,OVERVIEW,201,East,2004,Southeast-ATL,HCO_VIALS,0,MTD
ACCOUNT_LEADS,OVERVIEW,202,West,2009,Southwest,Avlayah_SP,0,LTD
ACCOUNT_LEADS,OVERVIEW,202,West,2006,Midwest,AVLAYAH_PATIENTS_11_16,0,YTD
ACCOUNT_LEADS,OVERVIEW,202,West,2012,Pac Northwest,Severe_Avlayah,0,MTD
ACCOUNT_LEADS,OVERVIEW,202,West,2011,Southcentral,ELAPRASE_5_10,4,LTD
ACCOUNT_LEADS,OVERVIEW,201,East,2013,NY Metro,ELAPRASE_11_16,6,QTD
ACCOUNT_LEADS,OVERVIEW,201,East,2003,MidAtlantic CTL,HCP_PRESCRIBED,0,YTD
ACCOUNT_LEADS,OVERVIEW,201,East,2002,Northeast-PA,TOTAL_VIALS,1,MTD
ACCOUNT_LEADS,OVERVIEW,201,East,2005,Great Lakes-Detroit,Avlayah_Claims,0,LTD
ACCOUNT_LEADS,OVERVIEW,201,East,2001,New England,Avlayah_HUB,0,QTD
ACCOUNT_LEADS,OVERVIEW,202,West,2010,Southern Cal,CRM_PATIENTS,2,MTD
ACCOUNT_LEADS,OVERVIEW,201,East,2004,Southeast-ATL,AVLAYAH_Medicaid_Patients,0,LTD
ACCOUNT_LEADS,OVERVIEW,202,West,2009,Southwest,AVLAYAH_Unknown_Patients,0,QTD
ACCOUNT_LEADS,OVERVIEW,202,West,2006,Midwest,AVLAYAH_Medicare_Patients,0,MTD
ACCOUNT_LEADS,OVERVIEW,202,West,2012,Pac Northwest,AVLAYAH_Commercial_Patients,0,LTD
ACCOUNT_LEADS,OVERVIEW,202,West,2011,Southcentral,AVLAYAH_PATIENTS_5_10,0,QTD
ACCOUNT_LEADS,OVERVIEW,201,East,2013,NY Metro,AVLAYAH_PATIENTS_17_PLUS,0,YTD
ACCOUNT_LEADS,OVERVIEW,201,East,2003,MidAtlantic CTL,Attenuated_Avlayah,0,MTD
ACCOUNT_LEADS,OVERVIEW,201,East,2002,Northeast-PA,ELAPRASE_LT_5,1,LTD
ACCOUNT_LEADS,OVERVIEW,201,East,2005,Great Lakes-Detroit,ELAPRASE_17_PLUS,5,QTD
ACCOUNT_LEADS,OVERVIEW,201,East,2001,New England,HCO_ORDERED,0,YTD
ACCOUNT_LEADS,OVERVIEW,202,West,2010,Southern Cal,SP_VIALS,0,MTD
ACCOUNT_LEADS,OVERVIEW,201,East,2004,Southeast-ATL,HCO_VIALS,0,LTD
ACCOUNT_LEADS,OVERVIEW,202,West,2009,Southwest,Avlayah_SP,0,QTD
ACCOUNT_LEADS,OVERVIEW,202,West,2006,Midwest,AVLAYAH_PATIENTS_11_16,0,MTD
ACCOUNT_LEADS,OVERVIEW,202,West,2012,Pac Northwest,Severe_Avlayah,0,LTD
ACCOUNT_LEADS,OVERVIEW,202,West,2011,Southcentral,ELAPRASE_5_10,1,QTD
ACCOUNT_LEADS,OVERVIEW,201,East,2013,NY Metro,ELAPRASE_11_16,6,YTD
ACCOUNT_LEADS,OVERVIEW,201,East,2003,MidAtlantic CTL,HCP_PRESCRIBED,0,MTD
ACCOUNT_LEADS,OVERVIEW,201,East,2002,Northeast-PA,TOTAL_VIALS,1,LTD
ACCOUNT_LEADS,OVERVIEW,201,East,2005,Great Lakes-Detroit,Avlayah_Claims,0,QTD
ACCOUNT_LEADS,OVERVIEW,201,East,2001,New England,Avlayah_HUB,0,YTD
ACCOUNT_LEADS,OVERVIEW,201,East,2004,Southeast-ATL,CRM_PATIENTS,0,LTD
ACCOUNT_LEADS,OVERVIEW,202,West,2009,Southwest,AVLAYAH_Medicaid_Patients,0,QTD
ACCOUNT_LEADS,OVERVIEW,202,West,2006,Midwest,AVLAYAH_PATIENTS_LT_5,0,MTD
ACCOUNT_LEADS,OVERVIEW,202,West,2012,Pac Northwest,AVLAYAH_Medicare_Patients,0,LTD
ACCOUNT_LEADS,OVERVIEW,202,West,2011,Southcentral,AVLAYAH_Commercial_Patients,0,QTD
ACCOUNT_LEADS,OVERVIEW,201,East,2013,NY Metro,AVLAYAH_PATIENTS_5_10,0,YTD
ACCOUNT_LEADS,OVERVIEW,201,East,2003,MidAtlantic CTL,AVLAYAH_PATIENTS_17_PLUS,0,MTD
ACCOUNT_LEADS,OVERVIEW,201,East,2002,Northeast-PA,Attenuated_Avlayah,0,LTD
ACCOUNT_LEADS,OVERVIEW,201,East,2005,Great Lakes-Detroit,ELAPRASE_LT_5,2,QTD
ACCOUNT_LEADS,OVERVIEW,201,East,2001,New England,ELAPRASE_17_PLUS,7,YTD
ACCOUNT_LEADS,OVERVIEW,202,West,2010,Southern Cal,HCO_ORDERED,0,MTD
ACCOUNT_LEADS,OVERVIEW,201,East,2004,Southeast-ATL,SP_VIALS,0,LTD
ACCOUNT_LEADS,OVERVIEW,202,West,2009,Southwest,HCO_VIALS,0,QTD
ACCOUNT_LEADS,OVERVIEW,202,West,2006,Midwest,Avlayah_CRM,1,MTD
ACCOUNT_LEADS,OVERVIEW,202,West,2012,Pac Northwest,AVLAYAH_PATIENTS_11_16,0,LTD
ACCOUNT_LEADS,OVERVIEW,202,West,2011,Southcentral,Severe_Avlayah,0,QTD
ACCOUNT_LEADS,OVERVIEW,201,East,2013,NY Metro,ELAPRASE_5_10,2,YTD
ACCOUNT_LEADS,OVERVIEW,201,East,2003,MidAtlantic CTL,ELAPRASE_11_16,2,MTD
ACCOUNT_LEADS,OVERVIEW,201,East,2002,Northeast-PA,HCP_PRESCRIBED,0,LTD
ACCOUNT_LEADS,OVERVIEW,201,East,2005,Great Lakes-Detroit,TOTAL_VIALS,0,QTD
ACCOUNT_LEADS,OVERVIEW,201,East,2001,New England,Avlayah_Claims,0,YTD
ACCOUNT_LEADS,OVERVIEW,202,West,2010,Southern Cal,Avlayah_HUB,0,MTD
ACCOUNT_LEADS,OVERVIEW,201,East,2004,Southeast-ATL,CRM_PATIENTS,0,QTD
ACCOUNT_LEADS,OVERVIEW,202,West,2009,Southwest,AVLAYAH_Medicaid_Patients,0,YTD
ACCOUNT_LEADS,OVERVIEW,202,West,2006,Midwest,AVLAYAH_PATIENTS_LT_5,0,LTD
ACCOUNT_LEADS,OVERVIEW,202,West,2012,Pac Northwest,AVLAYAH_Medicare_Patients,0,QTD
ACCOUNT_LEADS,OVERVIEW,202,West,2011,Southcentral,AVLAYAH_Commercial_Patients,0,YTD
ACCOUNT_LEADS,OVERVIEW,201,East,2013,NY Metro,AVLAYAH_PATIENTS_5_10,0,MTD
ACCOUNT_LEADS,OVERVIEW,201,East,2003,MidAtlantic CTL,AVLAYAH_PATIENTS_17_PLUS,0,LTD
ACCOUNT_LEADS,OVERVIEW,201,East,2002,Northeast-PA,Attenuated_Avlayah,0,QTD
ACCOUNT_LEADS,OVERVIEW,201,East,2005,Great Lakes-Detroit,ELAPRASE_LT_5,2,YTD
ACCOUNT_LEADS,OVERVIEW,201,East,2001,New England,ELAPRASE_17_PLUS,6,MTD
ACCOUNT_LEADS,OVERVIEW,202,West,2010,Southern Cal,HCO_ORDERED,0,LTD
ACCOUNT_LEADS,OVERVIEW,201,East,2004,Southeast-ATL,SP_VIALS,0,QTD
ACCOUNT_LEADS,OVERVIEW,202,West,2009,Southwest,HCO_VIALS,0,YTD
ACCOUNT_LEADS,OVERVIEW,202,West,2006,Midwest,Avlayah_CRM,1,LTD
ACCOUNT_LEADS,OVERVIEW,202,West,2012,Pac Northwest,AVLAYAH_PATIENTS_11_16,0,QTD
ACCOUNT_LEADS,OVERVIEW,202,West,2011,Southcentral,Severe_Avlayah,0,YTD
ACCOUNT_LEADS,OVERVIEW,201,East,2013,NY Metro,ELAPRASE_5_10,2,MTD
ACCOUNT_LEADS,OVERVIEW,201,East,2003,MidAtlantic CTL,ELAPRASE_11_16,3,LTD
ACCOUNT_LEADS,OVERVIEW,201,East,2002,Northeast-PA,HCP_PRESCRIBED,0,QTD
ACCOUNT_LEADS,OVERVIEW,201,East,2005,Great Lakes-Detroit,TOTAL_VIALS,0,YTD
ACCOUNT_LEADS,OVERVIEW,201,East,2001,New England,Avlayah_Claims,0,MTD
ACCOUNT_LEADS,OVERVIEW,202,West,2010,Southern Cal,Avlayah_HUB,0,LTD
ACCOUNT_LEADS,OVERVIEW,201,East,2004,Southeast-ATL,CRM_PATIENTS,0,YTD
ACCOUNT_LEADS,OVERVIEW,202,West,2009,Southwest,AVLAYAH_Medicaid_Patients,0,MTD
ACCOUNT_LEADS,OVERVIEW,202,West,2006,Midwest,AVLAYAH_PATIENTS_LT_5,0,QTD
ACCOUNT_LEADS,OVERVIEW,202,West,2012,Pac Northwest,AVLAYAH_Medicare_Patients,0,YTD
ACCOUNT_LEADS,OVERVIEW,202,West,2011,Southcentral,AVLAYAH_Commercial_Patients,0,MTD
ACCOUNT_LEADS,OVERVIEW,201,East,2013,NY Metro,AVLAYAH_PATIENTS_5_10,0,LTD
ACCOUNT_LEADS,OVERVIEW,201,East,2003,MidAtlantic CTL,AVLAYAH_PATIENTS_17_PLUS,0,QTD
ACCOUNT_LEADS,OVERVIEW,201,East,2002,Northeast-PA,Attenuated_Avlayah,0,YTD
ACCOUNT_LEADS,OVERVIEW,201,East,2005,Great Lakes-Detroit,ELAPRASE_LT_5,2,MTD
ACCOUNT_LEADS,OVERVIEW,201,East,2001,New England,ELAPRASE_17_PLUS,8,LTD
ACCOUNT_LEADS,OVERVIEW,202,West,2010,Southern Cal,HCO_ORDERED,0,QTD
ACCOUNT_LEADS,OVERVIEW,201,East,2004,Southeast-ATL,SP_VIALS,0,YTD
ACCOUNT_LEADS,OVERVIEW,202,West,2009,Southwest,HCO_VIALS,0,MTD
ACCOUNT_LEADS,OVERVIEW,202,West,2006,Midwest,Avlayah_CRM,1,QTD
ACCOUNT_LEADS,OVERVIEW,202,West,2012,Pac Northwest,AVLAYAH_PATIENTS_11_16,0,YTD
ACCOUNT_LEADS,OVERVIEW,202,West,2011,Southcentral,Severe_Avlayah,0,MTD
ACCOUNT_LEADS,OVERVIEW,201,East,2013,NY Metro,ELAPRASE_5_10,7,LTD
ACCOUNT_LEADS,OVERVIEW,201,East,2003,MidAtlantic CTL,ELAPRASE_11_16,2,QTD
ACCOUNT_LEADS,OVERVIEW,201,East,2002,Northeast-PA,HCP_PRESCRIBED,0,YTD
ACCOUNT_LEADS,OVERVIEW,201,East,2005,Great Lakes-Detroit,TOTAL_VIALS,0,MTD
ACCOUNT_LEADS,OVERVIEW,201,East,2001,New England,Avlayah_Claims,0,LTD
ACCOUNT_LEADS,OVERVIEW,202,West,2010,Southern Cal,Avlayah_HUB,0,QTD
ACCOUNT_LEADS,OVERVIEW,201,East,2004,Southeast-ATL,CRM_PATIENTS,0,MTD
ACCOUNT_LEADS,OVERVIEW,202,West,2009,Southwest,AVLAYAH_Medicaid_Patients,0,LTD
ACCOUNT_LEADS,OVERVIEW,202,West,2006,Midwest,AVLAYAH_PATIENTS_LT_5,0,YTD
ACCOUNT_LEADS,OVERVIEW,202,West,2012,Pac Northwest,AVLAYAH_Medicare_Patients,0,MTD
ACCOUNT_LEADS,OVERVIEW,202,West,2011,Southcentral,AVLAYAH_Commercial_Patients,0,LTD
ACCOUNT_LEADS,OVERVIEW,201,East,2013,NY Metro,AVLAYAH_PATIENTS_5_10,0,QTD
ACCOUNT_LEADS,OVERVIEW,201,East,2003,MidAtlantic CTL,AVLAYAH_PATIENTS_17_PLUS,0,YTD
ACCOUNT_LEADS,OVERVIEW,201,East,2002,Northeast-PA,Attenuated_Avlayah,0,MTD
ACCOUNT_LEADS,OVERVIEW,201,East,2005,Great Lakes-Detroit,ELAPRASE_LT_5,3,LTD
ACCOUNT_LEADS,OVERVIEW,201,East,2001,New England,ELAPRASE_17_PLUS,7,QTD
ACCOUNT_LEADS,OVERVIEW,202,West,2010,Southern Cal,HCO_ORDERED,0,YTD
ACCOUNT_LEADS,OVERVIEW,201,East,2004,Southeast-ATL,SP_VIALS,0,MTD
ACCOUNT_LEADS,OVERVIEW,202,West,2009,Southwest,HCO_VIALS,0,LTD
ACCOUNT_LEADS,OVERVIEW,202,West,2006,Midwest,Avlayah_CRM,1,YTD
ACCOUNT_LEADS,OVERVIEW,202,West,2012,Pac Northwest,AVLAYAH_PATIENTS_11_16,0,MTD
ACCOUNT_LEADS,OVERVIEW,202,West,2011,Southcentral,Severe_Avlayah,0,LTD
ACCOUNT_LEADS,OVERVIEW,201,East,2013,NY Metro,ELAPRASE_5_10,2,QTD
ACCOUNT_LEADS,OVERVIEW,201,East,2003,MidAtlantic CTL,ELAPRASE_11_16,2,YTD
ACCOUNT_LEADS,OVERVIEW,201,East,2002,Northeast-PA,HCP_PRESCRIBED,0,MTD
ACCOUNT_LEADS,OVERVIEW,201,East,2005,Great Lakes-Detroit,TOTAL_VIALS,0,LTD
ACCOUNT_LEADS,OVERVIEW,201,East,2001,New England,Avlayah_Claims,0,QTD
ACCOUNT_LEADS,OVERVIEW,202,West,2010,Southern Cal,Avlayah_HUB,0,YTD
ACCOUNT_LEADS,OVERVIEW,202,West,2009,Southwest,CRM_PATIENTS,0,LTD
ACCOUNT_LEADS,OVERVIEW,202,West,2006,Midwest,AVLAYAH_Unknown_Patients,0,YTD
ACCOUNT_LEADS,OVERVIEW,202,West,2012,Pac Northwest,AVLAYAH_PATIENTS_LT_5,0,MTD
ACCOUNT_LEADS,OVERVIEW,202,West,2011,Southcentral,AVLAYAH_Medicare_Patients,0,LTD
ACCOUNT_LEADS,OVERVIEW,201,East,2013,NY Metro,AVLAYAH_Commercial_Patients,0,QTD
ACCOUNT_LEADS,OVERVIEW,201,East,2003,MidAtlantic CTL,AVLAYAH_PATIENTS_5_10,0,YTD
ACCOUNT_LEADS,OVERVIEW,201,East,2002,Northeast-PA,AVLAYAH_PATIENTS_17_PLUS,0,MTD
ACCOUNT_LEADS,OVERVIEW,201,East,2005,Great Lakes-Detroit,Attenuated_Avlayah,0,LTD
ACCOUNT_LEADS,OVERVIEW,201,East,2001,New England,ELAPRASE_LT_5,2,QTD
ACCOUNT_LEADS,OVERVIEW,202,West,2010,Southern Cal,ELAPRASE_17_PLUS,10,YTD
ACCOUNT_LEADS,OVERVIEW,201,East,2004,Southeast-ATL,HCO_ORDERED,0,MTD
ACCOUNT_LEADS,OVERVIEW,202,West,2009,Southwest,SP_VIALS,0,LTD
ACCOUNT_LEADS,OVERVIEW,202,West,2006,Midwest,Avlayah_SP,0,YTD
ACCOUNT_LEADS,OVERVIEW,202,West,2012,Pac Northwest,Avlayah_CRM,0,MTD
ACCOUNT_LEADS,OVERVIEW,202,West,2011,Southcentral,AVLAYAH_PATIENTS_11_16,0,LTD
ACCOUNT_LEADS,OVERVIEW,201,East,2013,NY Metro,Severe_Avlayah,0,QTD
ACCOUNT_LEADS,OVERVIEW,201,East,2003,MidAtlantic CTL,ELAPRASE_5_10,5,YTD
ACCOUNT_LEADS,OVERVIEW,201,East,2002,Northeast-PA,ELAPRASE_11_16,8,MTD
ACCOUNT_LEADS,OVERVIEW,201,East,2005,Great Lakes-Detroit,HCP_PRESCRIBED,0,LTD
ACCOUNT_LEADS,OVERVIEW,201,East,2001,New England,TOTAL_VIALS,0,QTD
ACCOUNT_LEADS,OVERVIEW,202,West,2010,Southern Cal,Avlayah_Claims,0,YTD
ACCOUNT_LEADS,OVERVIEW,201,East,2004,Southeast-ATL,Avlayah_HUB,0,MTD
ACCOUNT_LEADS,OVERVIEW,202,West,2009,Southwest,CRM_PATIENTS,0,QTD
ACCOUNT_LEADS,OVERVIEW,202,West,2006,Midwest,AVLAYAH_Unknown_Patients,0,MTD
ACCOUNT_LEADS,OVERVIEW,202,West,2012,Pac Northwest,AVLAYAH_PATIENTS_LT_5,0,LTD
ACCOUNT_LEADS,OVERVIEW,202,West,2011,Southcentral,AVLAYAH_Medicare_Patients,0,QTD
ACCOUNT_LEADS,OVERVIEW,201,East,2013,NY Metro,AVLAYAH_Commercial_Patients,0,YTD
ACCOUNT_LEADS,OVERVIEW,201,East,2003,MidAtlantic CTL,AVLAYAH_PATIENTS_5_10,0,MTD
ACCOUNT_LEADS,OVERVIEW,201,East,2002,Northeast-PA,AVLAYAH_PATIENTS_17_PLUS,0,LTD
ACCOUNT_LEADS,OVERVIEW,201,East,2005,Great Lakes-Detroit,Attenuated_Avlayah,0,QTD
ACCOUNT_LEADS,OVERVIEW,201,East,2001,New England,ELAPRASE_LT_5,2,YTD
ACCOUNT_LEADS,OVERVIEW,202,West,2010,Southern Cal,ELAPRASE_17_PLUS,7,MTD
ACCOUNT_LEADS,OVERVIEW,201,East,2004,Southeast-ATL,HCO_ORDERED,0,LTD
ACCOUNT_LEADS,OVERVIEW,202,West,2009,Southwest,SP_VIALS,0,QTD
ACCOUNT_LEADS,OVERVIEW,202,West,2006,Midwest,Avlayah_SP,0,MTD
ACCOUNT_LEADS,OVERVIEW,202,West,2012,Pac Northwest,Avlayah_CRM,0,LTD
ACCOUNT_LEADS,OVERVIEW,202,West,2011,Southcentral,AVLAYAH_PATIENTS_11_16,0,QTD
ACCOUNT_LEADS,OVERVIEW,201,East,2013,NY Metro,Severe_Avlayah,0,YTD
ACCOUNT_LEADS,OVERVIEW,201,East,2003,MidAtlantic CTL,ELAPRASE_5_10,5,MTD
ACCOUNT_LEADS,OVERVIEW,201,East,2002,Northeast-PA,ELAPRASE_11_16,16,LTD
ACCOUNT_LEADS,OVERVIEW,201,East,2005,Great Lakes-Detroit,HCP_PRESCRIBED,0,QTD
ACCOUNT_LEADS,OVERVIEW,201,East,2001,New England,TOTAL_VIALS,0,YTD
ACCOUNT_LEADS,OVERVIEW,202,West,2010,Southern Cal,Avlayah_Claims,0,MTD
ACCOUNT_LEADS,OVERVIEW,201,East,2004,Southeast-ATL,Avlayah_HUB,0,LTD
ACCOUNT_LEADS,OVERVIEW,202,West,2009,Southwest,CRM_PATIENTS,0,YTD
ACCOUNT_LEADS,OVERVIEW,202,West,2006,Midwest,AVLAYAH_Unknown_Patients,0,LTD
ACCOUNT_LEADS,OVERVIEW,202,West,2012,Pac Northwest,AVLAYAH_PATIENTS_LT_5,0,QTD
ACCOUNT_LEADS,OVERVIEW,202,West,2011,Southcentral,AVLAYAH_Medicare_Patients,0,YTD
ACCOUNT_LEADS,OVERVIEW,201,East,2013,NY Metro,AVLAYAH_Commercial_Patients,0,MTD
ACCOUNT_LEADS,OVERVIEW,201,East,2003,MidAtlantic CTL,AVLAYAH_PATIENTS_5_10,0,LTD
ACCOUNT_LEADS,OVERVIEW,201,East,2002,Northeast-PA,AVLAYAH_PATIENTS_17_PLUS,0,QTD
ACCOUNT_LEADS,OVERVIEW,201,East,2005,Great Lakes-Detroit,Attenuated_Avlayah,0,YTD
ACCOUNT_LEADS,OVERVIEW,201,East,2001,New England,ELAPRASE_LT_5,2,MTD
ACCOUNT_LEADS,OVERVIEW,202,West,2010,Southern Cal,ELAPRASE_17_PLUS,27,LTD
ACCOUNT_LEADS,OVERVIEW,201,East,2004,Southeast-ATL,HCO_ORDERED,0,QTD
ACCOUNT_LEADS,OVERVIEW,202,West,2009,Southwest,SP_VIALS,0,YTD
ACCOUNT_LEADS,OVERVIEW,202,West,2006,Midwest,Avlayah_SP,0,LTD
ACCOUNT_LEADS,OVERVIEW,202,West,2012,Pac Northwest,Avlayah_CRM,0,QTD
ACCOUNT_LEADS,OVERVIEW,202,West,2011,Southcentral,AVLAYAH_PATIENTS_11_16,0,YTD
ACCOUNT_LEADS,OVERVIEW,201,East,2013,NY Metro,Severe_Avlayah,0,MTD
ACCOUNT_LEADS,OVERVIEW,201,East,2003,MidAtlantic CTL,ELAPRASE_5_10,8,LTD
ACCOUNT_LEADS,OVERVIEW,201,East,2002,Northeast-PA,ELAPRASE_11_16,8,QTD
ACCOUNT_LEADS,OVERVIEW,201,East,2005,Great Lakes-Detroit,HCP_PRESCRIBED,0,YTD
ACCOUNT_LEADS,OVERVIEW,201,East,2001,New England,TOTAL_VIALS,0,MTD
ACCOUNT_LEADS,OVERVIEW,202,West,2010,Southern Cal,Avlayah_Claims,0,LTD
ACCOUNT_LEADS,OVERVIEW,201,East,2004,Southeast-ATL,Avlayah_HUB,0,QTD
ACCOUNT_LEADS,OVERVIEW,202,West,2009,Southwest,CRM_PATIENTS,0,MTD
ACCOUNT_LEADS,OVERVIEW,202,West,2006,Midwest,AVLAYAH_Unknown_Patients,0,QTD
ACCOUNT_LEADS,OVERVIEW,202,West,2012,Pac Northwest,AVLAYAH_PATIENTS_LT_5,0,YTD
ACCOUNT_LEADS,OVERVIEW,202,West,2011,Southcentral,AVLAYAH_Medicare_Patients,0,MTD
ACCOUNT_LEADS,OVERVIEW,201,East,2013,NY Metro,AVLAYAH_Commercial_Patients,0,LTD
ACCOUNT_LEADS,OVERVIEW,201,East,2003,MidAtlantic CTL,AVLAYAH_PATIENTS_5_10,0,QTD
ACCOUNT_LEADS,OVERVIEW,201,East,2002,Northeast-PA,AVLAYAH_PATIENTS_17_PLUS,0,YTD
ACCOUNT_LEADS,OVERVIEW,201,East,2005,Great Lakes-Detroit,Attenuated_Avlayah,0,MTD
ACCOUNT_LEADS,OVERVIEW,201,East,2001,New England,ELAPRASE_LT_5,3,LTD
ACCOUNT_LEADS,OVERVIEW,202,West,2010,Southern Cal,ELAPRASE_17_PLUS,10,QTD
ACCOUNT_LEADS,OVERVIEW,201,East,2004,Southeast-ATL,HCO_ORDERED,0,YTD
ACCOUNT_LEADS,OVERVIEW,202,West,2009,Southwest,SP_VIALS,0,MTD
ACCOUNT_LEADS,OVERVIEW,202,West,2006,Midwest,Avlayah_SP,0,QTD
ACCOUNT_LEADS,OVERVIEW,202,West,2012,Pac Northwest,Avlayah_CRM,0,YTD
ACCOUNT_LEADS,OVERVIEW,202,West,2011,Southcentral,AVLAYAH_PATIENTS_11_16,0,MTD
ACCOUNT_LEADS,OVERVIEW,201,East,2013,NY Metro,Severe_Avlayah,0,LTD
ACCOUNT_LEADS,OVERVIEW,201,East,2003,MidAtlantic CTL,ELAPRASE_5_10,5,QTD
ACCOUNT_LEADS,OVERVIEW,201,East,2002,Northeast-PA,ELAPRASE_11_16,8,YTD
ACCOUNT_LEADS,OVERVIEW,201,East,2005,Great Lakes-Detroit,HCP_PRESCRIBED,0,MTD
ACCOUNT_LEADS,OVERVIEW,201,East,2001,New England,TOTAL_VIALS,0,LTD
ACCOUNT_LEADS,OVERVIEW,202,West,2010,Southern Cal,Avlayah_Claims,0,QTD
ACCOUNT_LEADS,OVERVIEW,201,East,2004,Southeast-ATL,Avlayah_HUB,0,YTD
ACCOUNT_LEADS,OVERVIEW,202,West,2006,Midwest,AVLAYAH_Medicaid_Patients,0,QTD
ACCOUNT_LEADS,OVERVIEW,202,West,2012,Pac Northwest,AVLAYAH_Unknown_Patients,0,YTD
ACCOUNT_LEADS,OVERVIEW,202,West,2011,Southcentral,AVLAYAH_PATIENTS_LT_5,0,MTD
ACCOUNT_LEADS,OVERVIEW,201,East,2013,NY Metro,AVLAYAH_Medicare_Patients,0,LTD
ACCOUNT_LEADS,OVERVIEW,201,East,2003,MidAtlantic CTL,AVLAYAH_Commercial_Patients,0,QTD
ACCOUNT_LEADS,OVERVIEW,201,East,2002,Northeast-PA,AVLAYAH_PATIENTS_5_10,0,YTD
ACCOUNT_LEADS,OVERVIEW,201,East,2005,Great Lakes-Detroit,AVLAYAH_PATIENTS_17_PLUS,0,MTD
ACCOUNT_LEADS,OVERVIEW,201,East,2001,New England,Attenuated_Avlayah,0,LTD
ACCOUNT_LEADS,OVERVIEW,202,West,2010,Southern Cal,ELAPRASE_LT_5,3,QTD
ACCOUNT_LEADS,OVERVIEW,201,East,2004,Southeast-ATL,ELAPRASE_17_PLUS,7,YTD
ACCOUNT_LEADS,OVERVIEW,202,West,2009,Southwest,HCO_ORDERED,0,MTD
ACCOUNT_LEADS,OVERVIEW,202,West,2006,Midwest,HCO_VIALS,6,QTD
ACCOUNT_LEADS,OVERVIEW,202,West,2012,Pac Northwest,Avlayah_SP,0,YTD
ACCOUNT_LEADS,OVERVIEW,202,West,2011,Southcentral,Avlayah_CRM,0,MTD
ACCOUNT_LEADS,OVERVIEW,201,East,2013,NY Metro,AVLAYAH_PATIENTS_11_16,0,LTD
ACCOUNT_LEADS,OVERVIEW,201,East,2003,MidAtlantic CTL,Severe_Avlayah,0,QTD
ACCOUNT_LEADS,OVERVIEW,201,East,2002,Northeast-PA,ELAPRASE_5_10,2,YTD
ACCOUNT_LEADS,OVERVIEW,201,East,2005,Great Lakes-Detroit,ELAPRASE_11_16,5,MTD
ACCOUNT_LEADS,OVERVIEW,201,East,2001,New England,HCP_PRESCRIBED,0,LTD
ACCOUNT_LEADS,OVERVIEW,202,West,2010,Southern Cal,TOTAL_VIALS,0,QTD
ACCOUNT_LEADS,OVERVIEW,201,East,2004,Southeast-ATL,Avlayah_Claims,0,YTD
ACCOUNT_LEADS,OVERVIEW,202,West,2009,Southwest,Avlayah_HUB,0,MTD
ACCOUNT_LEADS,OVERVIEW,202,West,2006,Midwest,AVLAYAH_Medicaid_Patients,0,YTD
ACCOUNT_LEADS,OVERVIEW,202,West,2012,Pac Northwest,AVLAYAH_Unknown_Patients,0,MTD
ACCOUNT_LEADS,OVERVIEW,202,West,2011,Southcentral,AVLAYAH_PATIENTS_LT_5,0,LTD
ACCOUNT_LEADS,OVERVIEW,201,East,2013,NY Metro,AVLAYAH_Medicare_Patients,0,QTD
ACCOUNT_LEADS,OVERVIEW,201,East,2003,MidAtlantic CTL,AVLAYAH_Commercial_Patients,0,YTD
ACCOUNT_LEADS,OVERVIEW,201,East,2002,Northeast-PA,AVLAYAH_PATIENTS_5_10,0,MTD
ACCOUNT_LEADS,OVERVIEW,201,East,2005,Great Lakes-Detroit,AVLAYAH_PATIENTS_17_PLUS,0,LTD
ACCOUNT_LEADS,OVERVIEW,201,East,2001,New England,Attenuated_Avlayah,0,QTD
ACCOUNT_LEADS,OVERVIEW,202,West,2010,Southern Cal,ELAPRASE_LT_5,3,YTD
ACCOUNT_LEADS,OVERVIEW,201,East,2004,Southeast-ATL,ELAPRASE_17_PLUS,4,MTD
ACCOUNT_LEADS,OVERVIEW,202,West,2009,Southwest,HCO_ORDERED,0,LTD
ACCOUNT_LEADS,OVERVIEW,202,West,2006,Midwest,HCO_VIALS,6,YTD
ACCOUNT_LEADS,OVERVIEW,202,West,2012,Pac Northwest,Avlayah_SP,0,MTD
ACCOUNT_LEADS,OVERVIEW,202,West,2011,Southcentral,Avlayah_CRM,0,LTD
ACCOUNT_LEADS,OVERVIEW,201,East,2013,NY Metro,AVLAYAH_PATIENTS_11_16,0,QTD
ACCOUNT_LEADS,OVERVIEW,201,East,2003,MidAtlantic CTL,Severe_Avlayah,0,YTD
ACCOUNT_LEADS,OVERVIEW,201,East,2002,Northeast-PA,ELAPRASE_5_10,2,MTD
ACCOUNT_LEADS,OVERVIEW,201,East,2005,Great Lakes-Detroit,ELAPRASE_11_16,7,LTD
ACCOUNT_LEADS,OVERVIEW,201,East,2001,New England,HCP_PRESCRIBED,0,QTD
ACCOUNT_LEADS,OVERVIEW,202,West,2010,Southern Cal,TOTAL_VIALS,0,YTD
ACCOUNT_LEADS,OVERVIEW,201,East,2004,Southeast-ATL,Avlayah_Claims,0,MTD
ACCOUNT_LEADS,OVERVIEW,202,West,2009,Southwest,Avlayah_HUB,0,LTD
ACCOUNT_LEADS,OVERVIEW,202,West,2006,Midwest,AVLAYAH_Medicaid_Patients,0,MTD
ACCOUNT_LEADS,OVERVIEW,202,West,2012,Pac Northwest,AVLAYAH_Unknown_Patients,0,LTD
ACCOUNT_LEADS,OVERVIEW,202,West,2011,Southcentral,AVLAYAH_PATIENTS_LT_5,0,QTD
ACCOUNT_LEADS,OVERVIEW,201,East,2013,NY Metro,AVLAYAH_Medicare_Patients,0,YTD
ACCOUNT_LEADS,OVERVIEW,201,East,2003,MidAtlantic CTL,AVLAYAH_Commercial_Patients,0,MTD
ACCOUNT_LEADS,OVERVIEW,201,East,2002,Northeast-PA,AVLAYAH_PATIENTS_5_10,0,LTD
ACCOUNT_LEADS,OVERVIEW,201,East,2005,Great Lakes-Detroit,AVLAYAH_PATIENTS_17_PLUS,0,QTD
ACCOUNT_LEADS,OVERVIEW,201,East,2001,New England,Attenuated_Avlayah,0,YTD
ACCOUNT_LEADS,OVERVIEW,202,West,2010,Southern Cal,ELAPRASE_LT_5,3,MTD
ACCOUNT_LEADS,OVERVIEW,201,East,2004,Southeast-ATL,ELAPRASE_17_PLUS,21,LTD
ACCOUNT_LEADS,OVERVIEW,202,West,2009,Southwest,HCO_ORDERED,0,QTD
ACCOUNT_LEADS,OVERVIEW,202,West,2006,Midwest,HCO_VIALS,6,MTD
ACCOUNT_LEADS,OVERVIEW,202,West,2012,Pac Northwest,Avlayah_SP,0,LTD
ACCOUNT_LEADS,OVERVIEW,202,West,2011,Southcentral,Avlayah_CRM,0,QTD
ACCOUNT_LEADS,OVERVIEW,201,East,2013,NY Metro,AVLAYAH_PATIENTS_11_16,0,YTD
ACCOUNT_LEADS,OVERVIEW,201,East,2003,MidAtlantic CTL,Severe_Avlayah,0,MTD
ACCOUNT_LEADS,OVERVIEW,201,East,2002,Northeast-PA,ELAPRASE_5_10,8,LTD
ACCOUNT_LEADS,OVERVIEW,201,East,2005,Great Lakes-Detroit,ELAPRASE_11_16,5,QTD
ACCOUNT_LEADS,OVERVIEW,201,East,2001,New England,HCP_PRESCRIBED,0,YTD
ACCOUNT_LEADS,OVERVIEW,202,West,2010,Southern Cal,TOTAL_VIALS,0,MTD
ACCOUNT_LEADS,OVERVIEW,201,East,2004,Southeast-ATL,Avlayah_Claims,0,LTD
ACCOUNT_LEADS,OVERVIEW,202,West,2009,Southwest,Avlayah_HUB,0,QTD
ACCOUNT_LEADS,OVERVIEW,202,West,2006,Midwest,AVLAYAH_Medicaid_Patients,0,LTD
ACCOUNT_LEADS,OVERVIEW,202,West,2012,Pac Northwest,AVLAYAH_Unknown_Patients,0,QTD
ACCOUNT_LEADS,OVERVIEW,202,West,2011,Southcentral,AVLAYAH_PATIENTS_LT_5,0,YTD
ACCOUNT_LEADS,OVERVIEW,201,East,2013,NY Metro,AVLAYAH_Medicare_Patients,0,MTD
ACCOUNT_LEADS,OVERVIEW,201,East,2003,MidAtlantic CTL,AVLAYAH_Commercial_Patients,0,LTD
ACCOUNT_LEADS,OVERVIEW,201,East,2002,Northeast-PA,AVLAYAH_PATIENTS_5_10,0,QTD
ACCOUNT_LEADS,OVERVIEW,201,East,2005,Great Lakes-Detroit,AVLAYAH_PATIENTS_17_PLUS,0,YTD
ACCOUNT_LEADS,OVERVIEW,201,East,2001,New England,Attenuated_Avlayah,0,MTD
ACCOUNT_LEADS,OVERVIEW,202,West,2010,Southern Cal,ELAPRASE_LT_5,6,LTD
ACCOUNT_LEADS,OVERVIEW,201,East,2004,Southeast-ATL,ELAPRASE_17_PLUS,7,QTD
ACCOUNT_LEADS,OVERVIEW,202,West,2009,Southwest,HCO_ORDERED,0,YTD
ACCOUNT_LEADS,OVERVIEW,202,West,2006,Midwest,HCO_VIALS,6,LTD
ACCOUNT_LEADS,OVERVIEW,202,West,2012,Pac Northwest,Avlayah_SP,0,QTD
ACCOUNT_LEADS,OVERVIEW,202,West,2011,Southcentral,Avlayah_CRM,0,YTD
ACCOUNT_LEADS,OVERVIEW,201,East,2013,NY Metro,AVLAYAH_PATIENTS_11_16,0,MTD
ACCOUNT_LEADS,OVERVIEW,201,East,2003,MidAtlantic CTL,Severe_Avlayah,0,LTD
ACCOUNT_LEADS,OVERVIEW,201,East,2002,Northeast-PA,ELAPRASE_5_10,2,QTD
ACCOUNT_LEADS,OVERVIEW,201,East,2005,Great Lakes-Detroit,ELAPRASE_11_16,5,YTD
ACCOUNT_LEADS,OVERVIEW,201,East,2001,New England,HCP_PRESCRIBED,0,MTD
ACCOUNT_LEADS,OVERVIEW,202,West,2010,Southern Cal,TOTAL_VIALS,0,LTD
ACCOUNT_LEADS,OVERVIEW,201,East,2004,Southeast-ATL,Avlayah_Claims,0,QTD
ACCOUNT_LEADS,OVERVIEW,202,West,2009,Southwest,Avlayah_HUB,0,YTD
ACCOUNT_LEADS,OVERVIEW,202,West,2006,Midwest,CRM_PATIENTS,1,LTD
ACCOUNT_LEADS,OVERVIEW,202,West,2012,Pac Northwest,AVLAYAH_Medicaid_Patients,0,QTD
ACCOUNT_LEADS,OVERVIEW,202,West,2011,Southcentral,AVLAYAH_Unknown_Patients,0,YTD
ACCOUNT_LEADS,OVERVIEW,201,East,2013,NY Metro,AVLAYAH_PATIENTS_LT_5,0,MTD
ACCOUNT_LEADS,OVERVIEW,201,East,2003,MidAtlantic CTL,AVLAYAH_Medicare_Patients,0,LTD
ACCOUNT_LEADS,OVERVIEW,201,East,2002,Northeast-PA,AVLAYAH_Commercial_Patients,0,QTD
ACCOUNT_LEADS,OVERVIEW,201,East,2005,Great Lakes-Detroit,AVLAYAH_PATIENTS_5_10,0,YTD
ACCOUNT_LEADS,OVERVIEW,201,East,2001,New England,AVLAYAH_PATIENTS_17_PLUS,0,MTD
ACCOUNT_LEADS,OVERVIEW,202,West,2010,Southern Cal,Attenuated_Avlayah,0,LTD
ACCOUNT_LEADS,OVERVIEW,201,East,2004,Southeast-ATL,ELAPRASE_LT_5,0,QTD
ACCOUNT_LEADS,OVERVIEW,202,West,2009,Southwest,ELAPRASE_17_PLUS,9,YTD
ACCOUNT_LEADS,OVERVIEW,202,West,2006,Midwest,SP_VIALS,20,LTD
ACCOUNT_LEADS,OVERVIEW,202,West,2012,Pac Northwest,HCO_VIALS,0,QTD
ACCOUNT_LEADS,OVERVIEW,202,West,2011,Southcentral,Avlayah_SP,0,YTD
ACCOUNT_LEADS,OVERVIEW,201,East,2013,NY Metro,Avlayah_CRM,0,MTD
ACCOUNT_LEADS,OVERVIEW,201,East,2003,MidAtlantic CTL,AVLAYAH_PATIENTS_11_16,0,LTD
ACCOUNT_LEADS,OVERVIEW,201,East,2002,Northeast-PA,Severe_Avlayah,0,QTD
ACCOUNT_LEADS,OVERVIEW,201,East,2005,Great Lakes-Detroit,ELAPRASE_5_10,4,YTD
ACCOUNT_LEADS,OVERVIEW,201,East,2001,New England,ELAPRASE_11_16,2,MTD
ACCOUNT_LEADS,OVERVIEW,202,West,2010,Southern Cal,HCP_PRESCRIBED,0,LTD
ACCOUNT_LEADS,OVERVIEW,201,East,2004,Southeast-ATL,TOTAL_VIALS,0,QTD
ACCOUNT_LEADS,OVERVIEW,202,West,2009,Southwest,Avlayah_Claims,0,YTD
ACCOUNT_LEADS,OVERVIEW,202,West,2006,Midwest,CRM_PATIENTS,1,QTD
ACCOUNT_LEADS,OVERVIEW,202,West,2012,Pac Northwest,AVLAYAH_Medicaid_Patients,0,YTD
ACCOUNT_LEADS,OVERVIEW,202,West,2011,Southcentral,AVLAYAH_Unknown_Patients,0,MTD
ACCOUNT_LEADS,OVERVIEW,201,East,2013,NY Metro,AVLAYAH_PATIENTS_LT_5,0,LTD
ACCOUNT_LEADS,OVERVIEW,201,East,2003,MidAtlantic CTL,AVLAYAH_Medicare_Patients,0,QTD
ACCOUNT_LEADS,OVERVIEW,201,East,2002,Northeast-PA,AVLAYAH_Commercial_Patients,0,YTD
ACCOUNT_LEADS,OVERVIEW,201,East,2005,Great Lakes-Detroit,AVLAYAH_PATIENTS_5_10,0,MTD
ACCOUNT_LEADS,OVERVIEW,201,East,2001,New England,AVLAYAH_PATIENTS_17_PLUS,0,LTD
ACCOUNT_LEADS,OVERVIEW,202,West,2010,Southern Cal,Attenuated_Avlayah,0,QTD
ACCOUNT_LEADS,OVERVIEW,201,East,2004,Southeast-ATL,ELAPRASE_LT_5,0,YTD
ACCOUNT_LEADS,OVERVIEW,202,West,2009,Southwest,ELAPRASE_17_PLUS,7,MTD
ACCOUNT_LEADS,OVERVIEW,202,West,2006,Midwest,SP_VIALS,20,QTD
ACCOUNT_LEADS,OVERVIEW,202,West,2012,Pac Northwest,HCO_VIALS,0,YTD
ACCOUNT_LEADS,OVERVIEW,202,West,2011,Southcentral,Avlayah_SP,0,MTD
ACCOUNT_LEADS,OVERVIEW,201,East,2013,NY Metro,Avlayah_CRM,0,LTD
ACCOUNT_LEADS,OVERVIEW,201,East,2003,MidAtlantic CTL,AVLAYAH_PATIENTS_11_16,0,QTD
ACCOUNT_LEADS,OVERVIEW,201,East,2002,Northeast-PA,Severe_Avlayah,0,YTD
ACCOUNT_LEADS,OVERVIEW,201,East,2005,Great Lakes-Detroit,ELAPRASE_5_10,4,MTD
ACCOUNT_LEADS,OVERVIEW,201,East,2001,New England,ELAPRASE_11_16,9,LTD
ACCOUNT_LEADS,OVERVIEW,202,West,2010,Southern Cal,HCP_PRESCRIBED,0,QTD
ACCOUNT_LEADS,OVERVIEW,201,East,2004,Southeast-ATL,TOTAL_VIALS,0,YTD
ACCOUNT_LEADS,OVERVIEW,202,West,2009,Southwest,Avlayah_Claims,0,MTD
ACCOUNT_LEADS,OVERVIEW,202,West,2006,Midwest,CRM_PATIENTS,1,YTD
ACCOUNT_LEADS,OVERVIEW,202,West,2012,Pac Northwest,AVLAYAH_Medicaid_Patients,0,MTD
ACCOUNT_LEADS,OVERVIEW,202,West,2011,Southcentral,AVLAYAH_Unknown_Patients,0,LTD
ACCOUNT_LEADS,OVERVIEW,201,East,2013,NY Metro,AVLAYAH_PATIENTS_LT_5,0,QTD
ACCOUNT_LEADS,OVERVIEW,201,East,2003,MidAtlantic CTL,AVLAYAH_Medicare_Patients,0,YTD
ACCOUNT_LEADS,OVERVIEW,201,East,2002,Northeast-PA,AVLAYAH_Commercial_Patients,0,MTD
ACCOUNT_LEADS,OVERVIEW,201,East,2005,Great Lakes-Detroit,AVLAYAH_PATIENTS_5_10,0,LTD
ACCOUNT_LEADS,OVERVIEW,201,East,2001,New England,AVLAYAH_PATIENTS_17_PLUS,0,QTD
ACCOUNT_LEADS,OVERVIEW,202,West,2010,Southern Cal,Attenuated_Avlayah,0,YTD
ACCOUNT_LEADS,OVERVIEW,201,East,2004,Southeast-ATL,ELAPRASE_LT_5,0,MTD
ACCOUNT_LEADS,OVERVIEW,202,West,2009,Southwest,ELAPRASE_17_PLUS,24,LTD
ACCOUNT_LEADS,OVERVIEW,202,West,2006,Midwest,SP_VIALS,20,YTD
ACCOUNT_LEADS,OVERVIEW,202,West,2012,Pac Northwest,HCO_VIALS,0,MTD
ACCOUNT_LEADS,OVERVIEW,202,West,2011,Southcentral,Avlayah_SP,0,LTD
ACCOUNT_LEADS,OVERVIEW,201,East,2013,NY Metro,Avlayah_CRM,0,QTD
ACCOUNT_LEADS,OVERVIEW,201,East,2003,MidAtlantic CTL,AVLAYAH_PATIENTS_11_16,0,YTD
ACCOUNT_LEADS,OVERVIEW,201,East,2002,Northeast-PA,Severe_Avlayah,0,MTD
ACCOUNT_LEADS,OVERVIEW,201,East,2005,Great Lakes-Detroit,ELAPRASE_5_10,6,LTD
ACCOUNT_LEADS,OVERVIEW,201,East,2001,New England,ELAPRASE_11_16,4,QTD
ACCOUNT_LEADS,OVERVIEW,202,West,2010,Southern Cal,HCP_PRESCRIBED,0,YTD
ACCOUNT_LEADS,OVERVIEW,201,East,2004,Southeast-ATL,TOTAL_VIALS,0,MTD
ACCOUNT_LEADS,OVERVIEW,202,West,2009,Southwest,Avlayah_Claims,0,LTD
ACCOUNT_LEADS,OVERVIEW,202,West,2006,Midwest,CRM_PATIENTS,1,MTD
ACCOUNT_LEADS,OVERVIEW,202,West,2012,Pac Northwest,AVLAYAH_Medicaid_Patients,0,LTD
ACCOUNT_LEADS,OVERVIEW,202,West,2011,Southcentral,AVLAYAH_Unknown_Patients,0,QTD
ACCOUNT_LEADS,OVERVIEW,201,East,2013,NY Metro,AVLAYAH_PATIENTS_LT_5,0,YTD
ACCOUNT_LEADS,OVERVIEW,201,East,2003,MidAtlantic CTL,AVLAYAH_Medicare_Patients,0,MTD
ACCOUNT_LEADS,OVERVIEW,201,East,2002,Northeast-PA,AVLAYAH_Commercial_Patients,0,LTD
ACCOUNT_LEADS,OVERVIEW,201,East,2005,Great Lakes-Detroit,AVLAYAH_PATIENTS_5_10,0,QTD
ACCOUNT_LEADS,OVERVIEW,201,East,2001,New England,AVLAYAH_PATIENTS_17_PLUS,0,YTD
ACCOUNT_LEADS,OVERVIEW,202,West,2010,Southern Cal,Attenuated_Avlayah,0,MTD
ACCOUNT_LEADS,OVERVIEW,201,East,2004,Southeast-ATL,ELAPRASE_LT_5,0,LTD
ACCOUNT_LEADS,OVERVIEW,202,West,2009,Southwest,ELAPRASE_17_PLUS,9,QTD
ACCOUNT_LEADS,OVERVIEW,202,West,2006,Midwest,SP_VIALS,20,MTD
ACCOUNT_LEADS,OVERVIEW,202,West,2012,Pac Northwest,HCO_VIALS,0,LTD
ACCOUNT_LEADS,OVERVIEW,202,West,2011,Southcentral,Avlayah_SP,0,QTD
ACCOUNT_LEADS,OVERVIEW,201,East,2013,NY Metro,Avlayah_CRM,0,YTD
ACCOUNT_LEADS,OVERVIEW,201,East,2003,MidAtlantic CTL,AVLAYAH_PATIENTS_11_16,0,MTD
ACCOUNT_LEADS,OVERVIEW,201,East,2002,Northeast-PA,Severe_Avlayah,0,LTD
ACCOUNT_LEADS,OVERVIEW,201,East,2005,Great Lakes-Detroit,ELAPRASE_5_10,4,QTD
ACCOUNT_LEADS,OVERVIEW,201,East,2001,New England,ELAPRASE_11_16,4,YTD
ACCOUNT_LEADS,OVERVIEW,202,West,2010,Southern Cal,HCP_PRESCRIBED,0,MTD
ACCOUNT_LEADS,OVERVIEW,201,East,2004,Southeast-ATL,TOTAL_VIALS,0,LTD
ACCOUNT_LEADS,OVERVIEW,202,West,2009,Southwest,Avlayah_Claims,0,QTD
ACCOUNT_LEADS,OVERVIEW,202,West,2012,Pac Northwest,CRM_PATIENTS,0,LTD
ACCOUNT_LEADS,OVERVIEW,202,West,2011,Southcentral,AVLAYAH_Medicaid_Patients,0,QTD
ACCOUNT_LEADS,OVERVIEW,201,East,2013,NY Metro,AVLAYAH_Unknown_Patients,0,YTD
ACCOUNT_LEADS,OVERVIEW,201,East,2003,MidAtlantic CTL,AVLAYAH_PATIENTS_LT_5,0,MTD
ACCOUNT_LEADS,OVERVIEW,201,East,2002,Northeast-PA,AVLAYAH_Medicare_Patients,0,LTD
ACCOUNT_LEADS,OVERVIEW,201,East,2005,Great Lakes-Detroit,AVLAYAH_Commercial_Patients,0,QTD
ACCOUNT_LEADS,OVERVIEW,201,East,2001,New England,AVLAYAH_PATIENTS_5_10,0,YTD
ACCOUNT_LEADS,OVERVIEW,202,West,2010,Southern Cal,AVLAYAH_PATIENTS_17_PLUS,0,MTD
ACCOUNT_LEADS,OVERVIEW,201,East,2004,Southeast-ATL,Attenuated_Avlayah,0,LTD
ACCOUNT_LEADS,OVERVIEW,202,West,2009,Southwest,ELAPRASE_LT_5,1,QTD
ACCOUNT_LEADS,OVERVIEW,202,West,2006,Midwest,HCO_ORDERED,2,MTD
ACCOUNT_LEADS,OVERVIEW,202,West,2012,Pac Northwest,SP_VIALS,0,LTD
ACCOUNT_LEADS,OVERVIEW,202,West,2011,Southcentral,HCO_VIALS,0,QTD
ACCOUNT_LEADS,OVERVIEW,201,East,2013,NY Metro,Avlayah_SP,0,YTD
ACCOUNT_LEADS,OVERVIEW,201,East,2003,MidAtlantic CTL,Avlayah_CRM,0,MTD
ACCOUNT_LEADS,OVERVIEW,201,East,2002,Northeast-PA,AVLAYAH_PATIENTS_11_16,0,LTD
ACCOUNT_LEADS,OVERVIEW,201,East,2005,Great Lakes-Detroit,Severe_Avlayah,0,QTD
ACCOUNT_LEADS,OVERVIEW,201,East,2001,New England,ELAPRASE_5_10,3,YTD
ACCOUNT_LEADS,OVERVIEW,202,West,2010,Southern Cal,ELAPRASE_11_16,0,MTD
ACCOUNT_LEADS,OVERVIEW,201,East,2004,Southeast-ATL,HCP_PRESCRIBED,0,LTD
ACCOUNT_LEADS,OVERVIEW,202,West,2009,Southwest,TOTAL_VIALS,0,QTD
ACCOUNT_LEADS,OVERVIEW,202,West,2006,Midwest,Avlayah_HUB,0,MTD
ACCOUNT_LEADS,OVERVIEW,202,West,2012,Pac Northwest,CRM_PATIENTS,0,QTD
ACCOUNT_LEADS,OVERVIEW,202,West,2011,Southcentral,AVLAYAH_Medicaid_Patients,0,YTD
ACCOUNT_LEADS,OVERVIEW,201,East,2013,NY Metro,AVLAYAH_Unknown_Patients,0,MTD
ACCOUNT_LEADS,OVERVIEW,201,East,2003,MidAtlantic CTL,AVLAYAH_PATIENTS_LT_5,0,LTD
ACCOUNT_LEADS,OVERVIEW,201,East,2002,Northeast-PA,AVLAYAH_Medicare_Patients,0,QTD
ACCOUNT_LEADS,OVERVIEW,201,East,2005,Great Lakes-Detroit,AVLAYAH_Commercial_Patients,0,YTD
ACCOUNT_LEADS,OVERVIEW,201,East,2001,New England,AVLAYAH_PATIENTS_5_10,0,MTD
ACCOUNT_LEADS,OVERVIEW,202,West,2010,Southern Cal,AVLAYAH_PATIENTS_17_PLUS,0,LTD
ACCOUNT_LEADS,OVERVIEW,201,East,2004,Southeast-ATL,Attenuated_Avlayah,0,QTD
ACCOUNT_LEADS,OVERVIEW,202,West,2009,Southwest,ELAPRASE_LT_5,1,YTD
ACCOUNT_LEADS,OVERVIEW,202,West,2006,Midwest,HCO_ORDERED,2,LTD
ACCOUNT_LEADS,OVERVIEW,202,West,2012,Pac Northwest,SP_VIALS,0,QTD
ACCOUNT_LEADS,OVERVIEW,202,West,2011,Southcentral,HCO_VIALS,0,YTD
ACCOUNT_LEADS,OVERVIEW,201,East,2013,NY Metro,Avlayah_SP,0,MTD
ACCOUNT_LEADS,OVERVIEW,201,East,2003,MidAtlantic CTL,Avlayah_CRM,0,LTD
ACCOUNT_LEADS,OVERVIEW,201,East,2002,Northeast-PA,AVLAYAH_PATIENTS_11_16,0,QTD
ACCOUNT_LEADS,OVERVIEW,201,East,2005,Great Lakes-Detroit,Severe_Avlayah,0,YTD
ACCOUNT_LEADS,OVERVIEW,201,East,2001,New England,ELAPRASE_5_10,3,MTD
ACCOUNT_LEADS,OVERVIEW,202,West,2010,Southern Cal,ELAPRASE_11_16,5,LTD
ACCOUNT_LEADS,OVERVIEW,201,East,2004,Southeast-ATL,HCP_PRESCRIBED,0,QTD
ACCOUNT_LEADS,OVERVIEW,202,West,2009,Southwest,TOTAL_VIALS,0,YTD
ACCOUNT_LEADS,OVERVIEW,202,West,2006,Midwest,Avlayah_HUB,0,LTD
ACCOUNT_LEADS,OVERVIEW,202,West,2012,Pac Northwest,CRM_PATIENTS,0,YTD
ACCOUNT_LEADS,OVERVIEW,202,West,2011,Southcentral,AVLAYAH_Medicaid_Patients,0,MTD
ACCOUNT_LEADS,OVERVIEW,201,East,2013,NY Metro,AVLAYAH_Unknown_Patients,0,LTD
ACCOUNT_LEADS,OVERVIEW,201,East,2003,MidAtlantic CTL,AVLAYAH_PATIENTS_LT_5,0,QTD
ACCOUNT_LEADS,OVERVIEW,201,East,2002,Northeast-PA,AVLAYAH_Medicare_Patients,0,YTD
ACCOUNT_LEADS,OVERVIEW,201,East,2005,Great Lakes-Detroit,AVLAYAH_Commercial_Patients,0,MTD
ACCOUNT_LEADS,OVERVIEW,201,East,2001,New England,AVLAYAH_PATIENTS_5_10,0,LTD
ACCOUNT_LEADS,OVERVIEW,202,West,2010,Southern Cal,AVLAYAH_PATIENTS_17_PLUS,0,QTD
ACCOUNT_LEADS,OVERVIEW,201,East,2004,Southeast-ATL,Attenuated_Avlayah,0,YTD
ACCOUNT_LEADS,OVERVIEW,202,West,2009,Southwest,ELAPRASE_LT_5,1,MTD
ACCOUNT_LEADS,OVERVIEW,202,West,2006,Midwest,HCO_ORDERED,2,QTD
ACCOUNT_LEADS,OVERVIEW,202,West,2012,Pac Northwest,SP_VIALS,0,YTD
ACCOUNT_LEADS,OVERVIEW,202,West,2011,Southcentral,HCO_VIALS,0,MTD
ACCOUNT_LEADS,OVERVIEW,201,East,2013,NY Metro,Avlayah_SP,0,LTD
ACCOUNT_LEADS,OVERVIEW,201,East,2003,MidAtlantic CTL,Avlayah_CRM,0,QTD
ACCOUNT_LEADS,OVERVIEW,201,East,2002,Northeast-PA,AVLAYAH_PATIENTS_11_16,0,YTD
ACCOUNT_LEADS,OVERVIEW,201,East,2005,Great Lakes-Detroit,Severe_Avlayah,0,MTD
ACCOUNT_LEADS,OVERVIEW,201,East,2001,New England,ELAPRASE_5_10,5,LTD
ACCOUNT_LEADS,OVERVIEW,202,West,2010,Southern Cal,ELAPRASE_11_16,1,QTD
ACCOUNT_LEADS,OVERVIEW,201,East,2004,Southeast-ATL,HCP_PRESCRIBED,0,YTD
ACCOUNT_LEADS,OVERVIEW,202,West,2009,Southwest,TOTAL_VIALS,0,MTD
ACCOUNT_LEADS,OVERVIEW,202,West,2006,Midwest,Avlayah_HUB,0,QTD
ACCOUNT_LEADS,OVERVIEW,202,West,2012,Pac Northwest,CRM_PATIENTS,0,MTD
ACCOUNT_LEADS,OVERVIEW,202,West,2011,Southcentral,AVLAYAH_Medicaid_Patients,0,LTD
ACCOUNT_LEADS,OVERVIEW,201,East,2013,NY Metro,AVLAYAH_Unknown_Patients,0,QTD
ACCOUNT_LEADS,OVERVIEW,201,East,2003,MidAtlantic CTL,AVLAYAH_PATIENTS_LT_5,0,YTD
ACCOUNT_LEADS,OVERVIEW,201,East,2002,Northeast-PA,AVLAYAH_Medicare_Patients,0,MTD
ACCOUNT_LEADS,OVERVIEW,201,East,2005,Great Lakes-Detroit,AVLAYAH_Commercial_Patients,0,LTD
ACCOUNT_LEADS,OVERVIEW,201,East,2001,New England,AVLAYAH_PATIENTS_5_10,0,QTD
ACCOUNT_LEADS,OVERVIEW,202,West,2010,Southern Cal,AVLAYAH_PATIENTS_17_PLUS,0,YTD
ACCOUNT_LEADS,OVERVIEW,201,East,2004,Southeast-ATL,Attenuated_Avlayah,0,MTD
ACCOUNT_LEADS,OVERVIEW,202,West,2009,Southwest,ELAPRASE_LT_5,1,LTD
ACCOUNT_LEADS,OVERVIEW,202,West,2006,Midwest,HCO_ORDERED,2,YTD
ACCOUNT_LEADS,OVERVIEW,202,West,2012,Pac Northwest,SP_VIALS,0,MTD
ACCOUNT_LEADS,OVERVIEW,202,West,2011,Southcentral,HCO_VIALS,0,LTD
ACCOUNT_LEADS,OVERVIEW,201,East,2013,NY Metro,Avlayah_SP,0,QTD
ACCOUNT_LEADS,OVERVIEW,201,East,2003,MidAtlantic CTL,Avlayah_CRM,0,YTD
ACCOUNT_LEADS,OVERVIEW,201,East,2002,Northeast-PA,AVLAYAH_PATIENTS_11_16,0,MTD
ACCOUNT_LEADS,OVERVIEW,201,East,2005,Great Lakes-Detroit,Severe_Avlayah,0,LTD
ACCOUNT_LEADS,OVERVIEW,201,East,2001,New England,ELAPRASE_5_10,3,QTD
ACCOUNT_LEADS,OVERVIEW,202,West,2010,Southern Cal,ELAPRASE_11_16,1,YTD
ACCOUNT_LEADS,OVERVIEW,201,East,2004,Southeast-ATL,HCP_PRESCRIBED,0,MTD
ACCOUNT_LEADS,OVERVIEW,202,West,2009,Southwest,TOTAL_VIALS,0,LTD
ACCOUNT_LEADS,OVERVIEW,202,West,2006,Midwest,Avlayah_HUB,0,YTD
ACCOUNT_LEADS,OVERVIEW,202,West,2011,Southcentral,CRM_PATIENTS,0,LTD
ACCOUNT_LEADS,OVERVIEW,201,East,2013,NY Metro,AVLAYAH_Medicaid_Patients,0,QTD
ACCOUNT_LEADS,OVERVIEW,201,East,2003,MidAtlantic CTL,AVLAYAH_Unknown_Patients,0,YTD
ACCOUNT_LEADS,OVERVIEW,201,East,2002,Northeast-PA,AVLAYAH_PATIENTS_LT_5,0,MTD
ACCOUNT_LEADS,OVERVIEW,201,East,2005,Great Lakes-Detroit,AVLAYAH_Medicare_Patients,0,LTD
ACCOUNT_LEADS,OVERVIEW,201,East,2001,New England,AVLAYAH_Commercial_Patients,0,QTD
ACCOUNT_LEADS,OVERVIEW,202,West,2010,Southern Cal,AVLAYAH_PATIENTS_5_10,0,YTD
ACCOUNT_LEADS,OVERVIEW,201,East,2004,Southeast-ATL,AVLAYAH_PATIENTS_17_PLUS,0,MTD
ACCOUNT_LEADS,OVERVIEW,202,West,2009,Southwest,Attenuated_Avlayah,0,LTD
ACCOUNT_LEADS,OVERVIEW,202,West,2006,Midwest,ELAPRASE_17_PLUS,13,YTD
ACCOUNT_LEADS,OVERVIEW,202,West,2012,Pac Northwest,HCO_ORDERED,0,MTD
ACCOUNT_LEADS,OVERVIEW,202,West,2011,Southcentral,SP_VIALS,0,LTD
ACCOUNT_LEADS,OVERVIEW,201,East,2013,NY Metro,HCO_VIALS,0,QTD
ACCOUNT_LEADS,OVERVIEW,201,East,2003,MidAtlantic CTL,Avlayah_SP,0,YTD
ACCOUNT_LEADS,OVERVIEW,201,East,2002,Northeast-PA,Avlayah_CRM,0,MTD
ACCOUNT_LEADS,OVERVIEW,201,East,2005,Great Lakes-Detroit,AVLAYAH_PATIENTS_11_16,0,LTD
ACCOUNT_LEADS,OVERVIEW,201,East,2001,New England,Severe_Avlayah,0,QTD
ACCOUNT_LEADS,OVERVIEW,202,West,2010,Southern Cal,ELAPRASE_5_10,3,YTD
ACCOUNT_LEADS,OVERVIEW,201,East,2004,Southeast-ATL,ELAPRASE_11_16,2,MTD
ACCOUNT_LEADS,OVERVIEW,202,West,2009,Southwest,HCP_PRESCRIBED,0,LTD
ACCOUNT_LEADS,OVERVIEW,202,West,2006,Midwest,Avlayah_Claims,0,YTD
ACCOUNT_LEADS,OVERVIEW,202,West,2012,Pac Northwest,Avlayah_HUB,0,MTD
ACCOUNT_LEADS,OVERVIEW,202,West,2011,Southcentral,CRM_PATIENTS,0,QTD
ACCOUNT_LEADS,OVERVIEW,201,East,2013,NY Metro,AVLAYAH_Medicaid_Patients,0,YTD
ACCOUNT_LEADS,OVERVIEW,201,East,2003,MidAtlantic CTL,AVLAYAH_Unknown_Patients,0,MTD
ACCOUNT_LEADS,OVERVIEW,201,East,2002,Northeast-PA,AVLAYAH_PATIENTS_LT_5,0,LTD
ACCOUNT_LEADS,OVERVIEW,201,East,2005,Great Lakes-Detroit,AVLAYAH_Medicare_Patients,0,QTD
ACCOUNT_LEADS,OVERVIEW,201,East,2001,New England,AVLAYAH_Commercial_Patients,0,YTD
ACCOUNT_LEADS,OVERVIEW,202,West,2010,Southern Cal,AVLAYAH_PATIENTS_5_10,0,MTD
ACCOUNT_LEADS,OVERVIEW,201,East,2004,Southeast-ATL,AVLAYAH_PATIENTS_17_PLUS,0,LTD
ACCOUNT_LEADS,OVERVIEW,202,West,2009,Southwest,Attenuated_Avlayah,0,QTD
ACCOUNT_LEADS,OVERVIEW,202,West,2006,Midwest,ELAPRASE_17_PLUS,12,MTD
ACCOUNT_LEADS,OVERVIEW,201,East,2001,New England,AVLAYAH_Commercial_Patients,0,LTD
ACCOUNT_LEADS,OVERVIEW,201,East,2001,New England,Severe_Avlayah,0,LTD
ACCOUNT_LEADS,OVERVIEW,201,East,2002,Northeast-PA,Avlayah_CRM,0,LTD
ACCOUNT_LEADS,OVERVIEW,201,East,2003,MidAtlantic CTL,Avlayah_SP,0,LTD
ACCOUNT_LEADS,OVERVIEW,201,East,2003,MidAtlantic CTL,AVLAYAH_Unknown_Patients,0,LTD
ACCOUNT_LEADS,OVERVIEW,201,East,2004,Southeast-ATL,ELAPRASE_11_16,10,LTD
ACCOUNT_LEADS,OVERVIEW,201,East,2013,NY Metro,AVLAYAH_Medicaid_Patients,0,LTD
ACCOUNT_LEADS,OVERVIEW,201,East,2013,NY Metro,HCO_VIALS,0,LTD
ACCOUNT_LEADS,OVERVIEW,201,East,2001,New England,AVLAYAH_Commercial_Patients,0,MTD
ACCOUNT_LEADS,OVERVIEW,201,East,2001,New England,Severe_Avlayah,0,MTD
ACCOUNT_LEADS,OVERVIEW,201,East,2003,MidAtlantic CTL,Avlayah_SP,0,MTD
ACCOUNT_LEADS,OVERVIEW,201,East,2005,Great Lakes-Detroit,AVLAYAH_Medicare_Patients,0,MTD
ACCOUNT_LEADS,OVERVIEW,201,East,2005,Great Lakes-Detroit,AVLAYAH_PATIENTS_11_16,0,MTD
ACCOUNT_LEADS,OVERVIEW,201,East,2013,NY Metro,AVLAYAH_Medicaid_Patients,0,MTD
ACCOUNT_LEADS,OVERVIEW,201,East,2013,NY Metro,HCO_VIALS,0,MTD
ACCOUNT_LEADS,OVERVIEW,201,East,2002,Northeast-PA,Avlayah_CRM,0,QTD
ACCOUNT_LEADS,OVERVIEW,201,East,2002,Northeast-PA,AVLAYAH_PATIENTS_LT_5,0,QTD
ACCOUNT_LEADS,OVERVIEW,201,East,2003,MidAtlantic CTL,Avlayah_SP,0,QTD
ACCOUNT_LEADS,OVERVIEW,201,East,2003,MidAtlantic CTL,AVLAYAH_Unknown_Patients,0,QTD
ACCOUNT_LEADS,OVERVIEW,201,East,2004,Southeast-ATL,AVLAYAH_PATIENTS_17_PLUS,0,QTD
ACCOUNT_LEADS,OVERVIEW,201,East,2004,Southeast-ATL,ELAPRASE_11_16,6,QTD
ACCOUNT_LEADS,OVERVIEW,201,East,2005,Great Lakes-Detroit,AVLAYAH_PATIENTS_11_16,0,QTD
ACCOUNT_LEADS,OVERVIEW,201,East,2001,New England,Severe_Avlayah,0,YTD
ACCOUNT_LEADS,OVERVIEW,201,East,2002,Northeast-PA,Avlayah_CRM,0,YTD
ACCOUNT_LEADS,OVERVIEW,201,East,2002,Northeast-PA,AVLAYAH_PATIENTS_LT_5,0,YTD
ACCOUNT_LEADS,OVERVIEW,201,East,2004,Southeast-ATL,AVLAYAH_PATIENTS_17_PLUS,0,YTD
ACCOUNT_LEADS,OVERVIEW,201,East,2004,Southeast-ATL,ELAPRASE_11_16,6,YTD
ACCOUNT_LEADS,OVERVIEW,201,East,2005,Great Lakes-Detroit,AVLAYAH_Medicare_Patients,0,YTD
ACCOUNT_LEADS,OVERVIEW,201,East,2005,Great Lakes-Detroit,AVLAYAH_PATIENTS_11_16,0,YTD
ACCOUNT_LEADS,OVERVIEW,201,East,2013,NY Metro,HCO_VIALS,0,YTD
ACCOUNT_LEADS,OVERVIEW,202,West,2006,Midwest,Avlayah_Claims,0,LTD
ACCOUNT_LEADS,OVERVIEW,202,West,2006,Midwest,ELAPRASE_17_PLUS,32,LTD
ACCOUNT_LEADS,OVERVIEW,202,West,2010,Southern Cal,AVLAYAH_PATIENTS_5_10,0,LTD
ACCOUNT_LEADS,OVERVIEW,202,West,2010,Southern Cal,ELAPRASE_5_10,5,LTD
ACCOUNT_LEADS,OVERVIEW,202,West,2012,Pac Northwest,Avlayah_HUB,0,LTD
ACCOUNT_LEADS,OVERVIEW,202,West,2012,Pac Northwest,HCO_ORDERED,0,LTD
ACCOUNT_LEADS,OVERVIEW,202,West,2006,Midwest,Avlayah_Claims,0,MTD
ACCOUNT_LEADS,OVERVIEW,202,West,2009,Southwest,Attenuated_Avlayah,0,MTD
ACCOUNT_LEADS,OVERVIEW,202,West,2009,Southwest,HCP_PRESCRIBED,0,MTD
ACCOUNT_LEADS,OVERVIEW,202,West,2010,Southern Cal,ELAPRASE_5_10,3,MTD
ACCOUNT_LEADS,OVERVIEW,202,West,2011,Southcentral,CRM_PATIENTS,0,MTD
ACCOUNT_LEADS,OVERVIEW,202,West,2011,Southcentral,SP_VIALS,0,MTD
ACCOUNT_LEADS,OVERVIEW,202,West,2006,Midwest,Avlayah_Claims,0,QTD
ACCOUNT_LEADS,OVERVIEW,202,West,2006,Midwest,ELAPRASE_17_PLUS,13,QTD
ACCOUNT_LEADS,OVERVIEW,202,West,2009,Southwest,HCP_PRESCRIBED,0,QTD
ACCOUNT_LEADS,OVERVIEW,202,West,2010,Southern Cal,AVLAYAH_PATIENTS_5_10,0,QTD
ACCOUNT_LEADS,OVERVIEW,202,West,2010,Southern Cal,ELAPRASE_5_10,3,QTD
ACCOUNT_LEADS,OVERVIEW,202,West,2011,Southcentral,SP_VIALS,0,QTD
ACCOUNT_LEADS,OVERVIEW,202,West,2012,Pac Northwest,Avlayah_HUB,0,QTD
ACCOUNT_LEADS,OVERVIEW,202,West,2012,Pac Northwest,HCO_ORDERED,0,QTD
ACCOUNT_LEADS,OVERVIEW,202,West,2009,Southwest,Attenuated_Avlayah,0,YTD
ACCOUNT_LEADS,OVERVIEW,202,West,2009,Southwest,HCP_PRESCRIBED,0,YTD
ACCOUNT_LEADS,OVERVIEW,202,West,2011,Southcentral,CRM_PATIENTS,0,YTD
ACCOUNT_LEADS,OVERVIEW,202,West,2011,Southcentral,SP_VIALS,0,YTD
ACCOUNT_LEADS,OVERVIEW,202,West,2012,Pac Northwest,Avlayah_HUB,0,YTD
ACCOUNT_LEADS,OVERVIEW,202,West,2012,Pac Northwest,HCO_ORDERED,0,YTD
